Day ,Month,Year,Case type,No,Day,Month.1,Year.1,Day.1,Month.2,Year.2,Outcome,Day.2,Month.3,Year.3,(Enter free text),Audit Date,Registered,Date_Last_in_Court,Code/Year
31,5,2024,RRC,202,6,9,2007,14,3,2009,Closed,,,,Recommended for closure CTS,2024-05-31,2007-09-06,2009-03-14,202/2007
31,5,2024,RRC,259,14,4,2007,9,4,2008,Closed,,,,Recommended for closure CTS,2024-05-31,2007-04-14,2008-04-09,259/2007
31,5,2024,RRC,212,20,9,2007,14,3,2019,Closed,,,,Recommended for closure CTS,2024-05-31,2007-09-20,2019-03-14,212/2007
31,5,2024,RRC,203,13,9,2007,31,10,2007,Dismissed,,,,Recommended for closure CTS,2024-05-31,2007-09-13,2007-10-31,203/2007
31,5,2024,RRC,255,29,11,2007,14,3,2019,Dismissed,,,,Recommended for closure CTS,2024-05-31,2007-11-29,2019-03-14,255/2007
31,5,2024,RRC,E1433,25,9,2023,25,1,2024,Closed ,,,,Closed,2024-05-31,2023-09-25,2024-01-25,E1433/2023
31,5,2024,RRC,E1438,26,9,2023,14,12,2023,Closed,,,,Recommended for closure CTS,2024-05-31,2023-09-26,2023-12-14,E1438/2023
31,5,2024,RRC,E1434,25,9,2023,29,2,2024,Closed,,,,Recommended for closure CTS,2024-05-31,2023-09-25,2024-02-29,E1434/2023
31,5,2024,RRC,E1439,26,9,2023,8,2,2024,Closed,,,,Closed ,2024-05-31,2023-09-26,2024-02-08,E1439/2023
31,5,2024,RRC,E1444,27,9,2023,29,2,2024,Closed,,,,Recommended for closure CTS,2024-05-31,2023-09-27,2024-02-29,E1444/2023
31,5,2024,RRC,E1458,29,9,2023,27,2,2024,Closed,,,,Closed,2024-05-31,2023-09-29,2024-02-27,E1458/2023
31,5,2024,RRC,E1463,3,10,2023,4,10,2023,Closed,,,,Recommended for closure CTS,2024-05-31,2023-10-03,2023-10-04,E1463/2023
31,5,2024,RRC,E1465,3,10,2023,5,12,2023,Closed,,,,Closed,2024-05-31,2023-10-03,2023-12-05,E1465/2023
31,5,2024,RRC,E1467,3,10,2023,5,12,2023,Closed,,,,Recommended for closure CTS,2024-05-31,2023-10-03,2023-12-05,E1467/2023
31,5,2024,RRC,E1540,18,10,2023,15,2,2024,Closed,,,,Closed ,2024-05-31,2023-10-18,2024-02-15,E1540/2023
31,5,2024,RRC,E1541,16,10,2023,7,2,2024,Closed ,,,,Recommended for closure CTS,2024-05-31,2023-10-16,2024-02-07,E1541/2023
31,5,2024,RRC,E1882,14,12,2023,28,2,2023,Closed,,,,Closed,2024-05-31,2023-12-14,2023-02-28,E1882/2023
31,5,2024,RRC,E1889,15,12,2023,3,4,2024,Closed,,,,Closed,2024-05-31,2023-12-15,2024-04-03,E1889/2023
31,5,2024,RRC,E1897,18,12,2023,3,4,2023,Closed,,,,Closed,2024-05-31,2023-12-18,2023-04-03,E1897/2023
31,5,2024,RRC,1899,18,12,2023,3,4,2024,Closed,,,,Closed,2024-05-31,2023-12-18,2024-04-03,1899/2023
31,5,2024,RRC,1911,19,12,2023,27,2,2024,Closed,,,,Closed,2024-05-31,2023-12-19,2024-02-27,1911/2023
31,5,2024,RRC,E1915,19,12,2023,20,12,2023,Closed ,,,,Closed ,2024-05-31,2023-12-19,2023-12-20,E1915/2023
31,5,2024,RRC,1956,29,12,2023,29,1,2024,Closed,,,,Recommended for closure CTS,2024-05-31,2023-12-29,2024-01-29,1956/2023
31,5,2024,RRC,148,8,2,2022,9,3,2022,Closed,,,,Closed,2024-05-31,2022-02-08,2022-03-09,148/2022
31,5,2024,RRC,107,31,1,2022,5,5,2022,Closed,,,,Recommended for closure CTS,2024-05-31,2022-01-31,2022-05-05,107/2022
31,5,2024,RRC,111,31,1,2022,4,4,2022,Closed,,,,Recommended for closure CTS,2024-05-31,2022-01-31,2022-04-04,111/2022
31,5,2024,RRC,124,2,2,2022,31,5,2022,Closed,,,,Recommended for closure CTS,2024-05-31,2022-02-02,2022-05-31,124/2022
31,5,2024,RRC,131,4,2,2022,13,7,2022,Closed,,,,Recommended for closure CTS,2024-05-31,2022-02-04,2022-07-13,131/2022
31,5,2024,RRC,132,4,2,2022,7,3,2022,Closed,,,,Recommended for closure CTS,2024-05-31,2022-02-04,2022-03-07,132/2022
31,5,2024,RRC,E021,10,1,2022,,,2022,,,,,Recommended for dismissal,2024-05-31,2022-01-10,,E021/2022
31,5,2024,RRC,E289,10,3,2022,30,3,2022,Closed,,,,Closed,2024-05-31,2022-03-10,2022-03-30,E289/2022
31,5,2024,RRC,E249,2,3,2022,9,11,2022,Closed,,,,Closed,2024-05-31,2022-03-02,2022-11-09,E249/2022
31,5,2024,RRC,E260,4,3,2022,22,6,2022,Closed,,,,Closed,2024-05-31,2022-03-04,2022-06-22,E260/2022
31,5,2024,RRC,E262,5,3,2022,22,8,2022,Closed,,,,Closed,2024-05-31,2022-03-05,2022-08-22,E262/2022
31,5,2024,RRC,E277,8,3,2022,7,7,2022,Closed,,,,Recommended for closure CTS,2024-05-31,2022-03-08,2022-07-07,E277/2022
31,5,2024,RRC,E1708,16,11,2023,13,2,2024,Closed,,,,Closed,2024-05-31,2023-11-16,2024-02-13,E1708/2023
31,5,2024,RRC,E1699,14,11,2023,7,2,2024,Closed,,,,Closed,2024-05-31,2023-11-14,2024-02-07,E1699/2023
31,5,2024,RRC,E1698,14,11,2023,24,1,2024,Closed,,,,Closed,2024-05-31,2023-11-14,2024-01-24,E1698/2023
31,5,2024,RRC,E1696,14,11,2023,25,3,2024,Closed,,,,Closed,2024-05-31,2023-11-14,2024-03-25,E1696/2023
31,5,2024,RRC,E1438,26,9,2023,14,12,2023,Closed,,,,Recommended for closure CTS,2024-05-31,2023-09-26,2023-12-14,E1438/2023
31,5,2024,RRC,E1434,25,9,2023,29,2,2024,Closed,,,,Recommended for closure CTS,2024-05-31,2023-09-25,2024-02-29,E1434/2023
31,5,2024,RRC,E1439,26,9,2023,8,2,2024,Closed,,,,Closed ,2024-05-31,2023-09-26,2024-02-08,E1439/2023
31,5,2024,RRC,E1444,27,9,2023,29,2,2024,Closed,,,,Recommended for closure CTS,2024-05-31,2023-09-27,2024-02-29,E1444/2023
31,5,2024,RRC,E1458,29,9,2023,27,2,2024,Closed,,,,Closed,2024-05-31,2023-09-29,2024-02-27,E1458/2023
31,5,2024,RRC,E1463,3,10,2023,4,10,2023,Closed,,,,Recommended for closure CTS,2024-05-31,2023-10-03,2023-10-04,E1463/2023
31,5,2024,RRC,E1465,3,10,2023,5,12,2023,Closed,,,,Closed,2024-05-31,2023-10-03,2023-12-05,E1465/2023
31,5,2024,RRC,E1467,3,10,2023,5,12,2023,Closed,,,,Recommended for closure CTS,2024-05-31,2023-10-03,2023-12-05,E1467/2023
31,5,2024,RRC,E1540,18,10,2023,15,2,2024,Closed,,,,Closed ,2024-05-31,2023-10-18,2024-02-15,E1540/2023
31,5,2024,RRC,E1541,16,10,2023,7,2,2024,Closed ,,,,Recommended for closure CTS,2024-05-31,2023-10-16,2024-02-07,E1541/2023
31,5,2024,RRC,E1882,14,12,2023,28,2,2023,Closed,,,,Closed,2024-05-31,2023-12-14,2023-02-28,E1882/2023
31,5,2024,RRC,E1889,15,12,2023,3,4,2024,Closed,,,,Closed,2024-05-31,2023-12-15,2024-04-03,E1889/2023
31,5,2024,RRC,E1897,18,12,2023,3,4,2023,Closed,,,,Closed,2024-05-31,2023-12-18,2023-04-03,E1897/2023
31,5,2024,RRC,1899,18,12,2023,3,4,2024,Closed,,,,Closed,2024-05-31,2023-12-18,2024-04-03,1899/2023
31,5,2024,RRC,1911,19,12,2023,27,2,2024,Closed,,,,Closed,2024-05-31,2023-12-19,2024-02-27,1911/2023
31,5,2024,RRC,E1915,19,12,2023,20,12,2023,Closed ,,,,Closed ,2024-05-31,2023-12-19,2023-12-20,E1915/2023
31,5,2024,RRC,1956,29,12,2023,29,1,2024,Closed,,,,Recommended for closure CTS,2024-05-31,2023-12-29,2024-01-29,1956/2023
31,5,2024,RRC,148,8,2,2022,9,3,2022,Closed,,,,Closed,2024-05-31,2022-02-08,2022-03-09,148/2022
31,5,2024,RRC,107,31,1,2022,5,5,2022,Closed,,,,Recommended for closure CTS,2024-05-31,2022-01-31,2022-05-05,107/2022
31,5,2024,RRC,111,31,1,2022,4,4,2022,Closed,,,,Recommended for closure CTS,2024-05-31,2022-01-31,2022-04-04,111/2022
31,5,2024,RRC,124,2,2,2022,31,5,2022,Closed,,,,Recommended for closure CTS,2024-05-31,2022-02-02,2022-05-31,124/2022
31,5,2024,RRC,131,4,2,2022,13,7,2022,Closed,,,,Recommended for closure CTS,2024-05-31,2022-02-04,2022-07-13,131/2022
31,5,2024,RRC,132,4,2,2022,7,3,2022,Closed,,,,Recommended for closure CTS,2024-05-31,2022-02-04,2022-03-07,132/2022
31,5,2024,RRC,E289,10,3,2022,30,3,2022,Closed,,,,Closed,2024-05-31,2022-03-10,2022-03-30,E289/2022
31,5,2024,RRC,E249,2,3,2022,9,11,2022,Closed,,,,Closed,2024-05-31,2022-03-02,2022-11-09,E249/2022
31,5,2024,RRC,E260,4,3,2022,22,6,2022,Closed,,,,Closed,2024-05-31,2022-03-04,2022-06-22,E260/2022
31,5,2024,RRC,E262,5,3,2022,22,8,2022,Closed,,,,Closed,2024-05-31,2022-03-05,2022-08-22,E262/2022
31,5,2024,RRC,E277,8,3,2022,7,7,2022,Closed,,,,Recommended for closure CTS,2024-05-31,2022-03-08,2022-07-07,E277/2022
31,5,2024,RRC,295,1,4,2021,21,9,2021,Closed,,,,Closed ,2024-05-31,2021-04-01,2021-09-21,295/2021
31,5,2024,RRC,E085,26,1,2022,,,2022,No Activity,,,,Recommended for dismissal,2024-05-31,2022-01-26,,E085/2022
31,5,2024,RRC,E087,25,1,2022,25,5,2022,Closed,,,,Recommended for closure CTS,2024-05-31,2022-01-25,2022-05-25,E087/2022
31,5,2024,RRC,E207,17,2,2022,2,6,2022,Closed,,,,Recommended for closure CTS,2024-05-31,2022-02-17,2022-06-02,E207/2022
31,5,2024,RRC,E172,11,2,2022,24,8,2022,Closed,,,,Recommended for closure CTS,2024-05-31,2022-02-11,2022-08-24,E172/2022
31,5,2024,RRC,E177,11,2,2022,14,6,2022,Closed,,,,Recommended for closure CTS,2024-05-31,2022-02-11,2022-06-14,E177/2022
31,5,2024,RRC,E184,14,2,2022,11,10,2022,Closed,,,,Recommended for closure CTS,2024-05-31,2022-02-14,2022-10-11,E184/2022
31,5,2024,RRC,E185,14,2,2022,17,10,2022,Closed,,,,Recommended for closure CTS,2024-05-31,2022-02-14,2022-10-17,E185/2022
31,5,2024,RRC,E193,15,2,2022,11,1,2023,Closed,,,,Recommended for closure CTS,2024-05-31,2022-02-15,2023-01-11,E193/2022
31,5,2024,RRC,E244,3,3,2022,26,7,2022,Closed,,,,Recommended for closure CTS,2024-05-31,2022-03-03,2022-07-26,E244/2022
31,5,2024,RRC,E284,9,3,2022,28,4,2022,Closed,,,,Recommended for closure CTS,2024-05-31,2022-03-09,2022-04-28,E284/2022
31,5,2024,RRC,E285,10,3,2022,7,6,2022,Closed,,,,Recommended for closure CTS,2024-05-31,2022-03-10,2022-06-07,E285/2022
31,5,2024,RRC,E642,16,6,2022,11,4,2023,Closed,,,,Recommended for closure CTS,2024-05-31,2022-06-16,2023-04-11,E642/2022
31,5,2024,RRC,E681,1,6,2022,8,2,2024,Closed,,,,Recommended for closure CTS,2024-05-31,2022-06-01,2024-02-08,E681/2022
31,5,2024,RRC,E832,4,8,2022,8,11,2022,Closed,,,,Recommended for closure CTS,2024-05-31,2022-08-04,2022-11-08,E832/2022
31,5,2024,RRC,E1146,25,10,2022,11,7,2023,Closed,,,,Recommended for closure CTS,2024-05-31,2022-10-25,2023-07-11,E1146/2022
31,5,2024,RRC,E1147,25,10,2022,18,4,2024,Closed,,,,Recommended for closure CTS,2024-05-31,2022-10-25,2024-04-18,E1147/2022
31,5,2024,RRC,E1149,25,10,2022,22,3,2023,Closed,,,,Recommended for closure CTS,2024-05-31,2022-10-25,2023-03-22,E1149/2022
31,5,2024,RRC,E1150,25,10,2022,7,9,2023,Closed,,,,Recommended for closure CTS,2024-05-31,2022-10-25,2023-09-07,E1150/2022
31,5,2024,RRC,E1193,1,11,2022,1,3,2023,Closed,,,,Recommended for closure CTS,2024-05-31,2022-11-01,2023-03-01,E1193/2022
31,5,2024,RRC,E1259,15,11,2022,11,4,2023,Closed,,,,Recommended for closure CTS,2024-05-31,2022-11-15,2023-04-11,E1259/2022
31,5,2024,RRC,E1257,10,11,2022,18,4,2023,Closed,,,,Recommended for closure CTS,2024-05-31,2022-11-10,2023-04-18,E1257/2022
31,5,2024,RRC,E1202,1,11,2022,21,11,2022,Closed,,,,Recommended for closure CTS,2024-05-31,2022-11-01,2022-11-21,E1202/2022
31,5,2024,RRC,E1249,9,11,2022,20,4,2023,Closed,,,,Recommended for closure CTS,2024-05-31,2022-11-09,2023-04-20,E1249/2022
31,5,2024,RRC,E1286,17,11,2022,13,6,2023,Closed,,,,Recommended for closure CTS,2024-05-31,2022-11-17,2023-06-13,E1286/2022
31,5,2024,RRC,E1287,17,11,2022,22,8,2023,Closed,,,,Recommended for closure CTS,2024-05-31,2022-11-17,2023-08-22,E1287/2022
31,5,2024,RRC,E1282,17,11,2022,4,5,2023,Closed,,,,Recommended for closure CTS,2024-05-31,2022-11-17,2023-05-04,E1282/2022
31,5,2024,RRC,E1279,15,11,2022,11,4,2023,Closed,,,,Recommended for closure CTS,2024-05-31,2022-11-15,2023-04-11,E1279/2022
31,5,2024,RRC,E1280,13,11,2022,22,8,2023,Closed,,,,Recommended for closure CTS,2024-05-31,2022-11-13,2023-08-22,E1280/2022
31,5,2024,RRC,E1215,3,11,2022,3,5,2023,Closed,,,,Recommended for closure CTS,2024-05-31,2022-11-03,2023-05-03,E1215/2022
31,5,2024,RRC,E1207,2,11,2022,27,4,2023,Closed,,,,Recommended for closure CTS,2024-05-31,2022-11-02,2023-04-27,E1207/2022
31,5,2024,RRC,E1208,2,11,2022,7,6,2023,Closed,,,,Recommended for closure CTS,2024-05-31,2022-11-02,2023-06-07,E1208/2022
31,5,2024,RRC,E1289,17,11,2022,11,5,2023,Closed,,,,Recommended for closure CTS,2024-05-31,2022-11-17,2023-05-11,E1289/2022
31,5,2024,RRC,E1293,21,11,2022,28,3,2023,Closed,,,,Recommended for closure CTS,2024-05-31,2022-11-21,2023-03-28,E1293/2022
31,5,2024,RRC,E1326,28,11,2022,21,3,2023,Closed,,,,Recommended for closure CTS,2024-05-31,2022-11-28,2023-03-21,E1326/2022
31,5,2024,RRC,E1320,23,11,2022,10,5,2023,Closed,,,,Recommended for closure CTS,2024-05-31,2022-11-23,2023-05-10,E1320/2022
31,5,2024,RRC,E1322,26,11,2022,24,4,2023,Closed,,,,Recommended for closure CTS,2024-05-31,2022-11-26,2023-04-24,E1322/2022
31,5,2024,RRC,E1319,4,9,2023,1,2,2024,Closed,,,,Recommended for closure CTS,2024-05-31,2023-09-04,2024-02-01,E1319/2023
31,5,2024,RRC,E1313,28,11,2022,30,1,2023,Closed,,,,Recommended for closure CTS,2024-05-31,2022-11-28,2023-01-30,E1313/2022
31,5,2024,RRC,E1245,9,11,2022,17,4,2024,Closed,,,,Recommended for closure CTS,2024-05-31,2022-11-09,2024-04-17,E1245/2022
31,5,2024,RRC,E1246,9,11,2022,30,11,2023,Closed,,,,Recommended for closure CTS,2024-05-31,2022-11-09,2023-11-30,E1246/2022
31,5,2024,RRC,E1248,9,11,2022,20,4,2023,Closed,,,,Recommended for closure CTS,2024-05-31,2022-11-09,2023-04-20,E1248/2022
31,5,2024,RRC,E1250,9,11,2022,16,12,2022,Closed,,,,Recommended for closure CTS,2024-05-31,2022-11-09,2022-12-16,E1250/2022
31,5,2024,RRC,E1262,11,11,2022,27,9,2023,Closed,,,,Recommended for closure CTS,2024-05-31,2022-11-11,2023-09-27,E1262/2022
31,5,2024,RRC,E1266,14,11,2022,2,3,2023,Closed,,,,Recommended for closure CTS,2024-05-31,2022-11-14,2023-03-02,E1266/2022
31,5,2024,RRC,E1278,16,11,2022,19,12,2022,Closed,,,,Recommended for closure CTS,2024-05-31,2022-11-16,2022-12-19,E1278/2022
31,5,2024,RRC,E1295,22,11,2022,27,6,2023,Closed,,,,Recommended for closure CTS,2024-05-31,2022-11-22,2023-06-27,E1295/2022
31,5,2024,RRC,E1450,22,12,2022,22,2,2024,Closed,,,,Recommended for closure CTS,2024-05-31,2022-12-22,2024-02-22,E1450/2022
31,5,2024,RRC,E1436,16,12,2022,7,9,2023,Closed,,,,Recommended for closure CTS,2024-05-31,2022-12-16,2023-09-07,E1436/2022
31,5,2024,RRC,E1435,15,12,2022,18,4,2023,Closed,,,,Recommended for closure CTS,2024-05-31,2022-12-15,2023-04-18,E1435/2022
31,5,2024,RRC,E1428,21,12,2022,1,8,2023,Closed,,,,Recommended for closure CTS,2024-05-31,2022-12-21,2023-08-01,E1428/2022
31,5,2024,RRC,E1425,15,12,2022,14,8,2023,Closed,,,,Recommended for closure CTS,2024-05-31,2022-12-15,2023-08-14,E1425/2022
31,5,2024,RRC,E1442,20,12,2022,14,4,2023,Closed,,,,Recommended for closure CTS,2024-05-31,2022-12-20,2023-04-14,E1442/2022
31,5,2024,RRC,E1420,15,12,2022,19,4,2023,Closed,,,,Recommended for closure CTS,2024-05-31,2022-12-15,2023-04-19,E1420/2022
31,5,2024,RRC,E1417,15,12,2022,2,8,2023,Closed,,,,Recommended for closure CTS,2024-05-31,2022-12-15,2023-08-02,E1417/2022
31,5,2024,RRC,E1412,14,12,2022,5,12,2023,Closed,,,,Recommended for closure CTS,2024-05-31,2022-12-14,2023-12-05,E1412/2022
31,5,2024,RRC,E1397,9,12,2022,24,5,2023,Closed,,,,Recommended for closure CTS,2024-05-31,2022-12-09,2023-05-24,E1397/2022
31,5,2024,RRC,E1404,14,12,2022,5,10,2023,Closed,,,,Recommended for closure CTS,2024-05-31,2022-12-14,2023-10-05,E1404/2022
31,5,2024,RRC,E1387,7,12,2022,28,9,2023,Closed,,,,Recommended for closure CTS,2024-05-31,2022-12-07,2023-09-28,E1387/2022
31,5,2024,RRC,E1384,7,12,2022,7,8,2023,Closed,,,,Recommended for closure CTS,2024-05-31,2022-12-07,2023-08-07,E1384/2022
31,5,2024,RRC,E1398,9,12,2022,20,4,2023,Closed,,,,Recommended for closure CTS,2024-05-31,2022-12-09,2023-04-20,E1398/2022
31,5,2024,RRC,E1381,6,12,2022,18,1,2023,Closed,,,,Recommended for closure CTS,2024-05-31,2022-12-06,2023-01-18,E1381/2022
31,5,2024,RRC,E1383,7,12,2022,20,4,2023,Closed,,,,Recommended for closure CTS,2024-05-31,2022-12-07,2023-04-20,E1383/2022
31,5,2024,RRC,E1364,2,12,2022,14,6,2023,Closed,,,,Recommended for closure CTS,2024-05-31,2022-12-02,2023-06-14,E1364/2022
31,5,2024,RRC,E1708,16,11,2023,13,2,2024,Closed,,,,Closed,2024-05-31,2023-11-16,2024-02-13,E1708/2023
31,5,2024,RRC,E1699,14,11,2023,7,2,2024,Closed,,,,Closed,2024-05-31,2023-11-14,2024-02-07,E1699/2023
31,5,2024,RRC,E1698,14,11,2023,24,1,2024,Closed,,,,Closed,2024-05-31,2023-11-14,2024-01-24,E1698/2023
31,5,2024,RRC,E1696,14,11,2023,25,3,2024,Closed,,,,Closed,2024-05-31,2023-11-14,2024-03-25,E1696/2023
31,5,2024,RRC,E1438,26,9,2023,14,12,2023,Closed,,,,Recommended for closure CTS,2024-05-31,2023-09-26,2023-12-14,E1438/2023
31,5,2024,RRC,E1434,25,9,2023,29,2,2024,Closed,,,,Recommended for closure CTS,2024-05-31,2023-09-25,2024-02-29,E1434/2023
31,5,2024,RRC,E1439,26,9,2023,8,2,2024,Closed,,,,Closed ,2024-05-31,2023-09-26,2024-02-08,E1439/2023
31,5,2024,RRC,E1444,27,9,2023,29,2,2024,Closed,,,,Recommended for closure CTS,2024-05-31,2023-09-27,2024-02-29,E1444/2023
31,5,2024,RRC,E1458,29,9,2023,27,2,2024,Closed,,,,Closed,2024-05-31,2023-09-29,2024-02-27,E1458/2023
31,5,2024,RRC,E1463,3,10,2023,4,10,2023,Closed,,,,Recommended for closure CTS,2024-05-31,2023-10-03,2023-10-04,E1463/2023
31,5,2024,RRC,E1465,3,10,2023,5,12,2023,Closed,,,,Closed,2024-05-31,2023-10-03,2023-12-05,E1465/2023
31,5,2024,RRC,E1467,3,10,2023,5,12,2023,Closed,,,,Recommended for closure CTS,2024-05-31,2023-10-03,2023-12-05,E1467/2023
31,5,2024,RRC,E1540,18,10,2023,15,2,2024,Closed,,,,Closed ,2024-05-31,2023-10-18,2024-02-15,E1540/2023
31,5,2024,RRC,E1541,16,10,2023,7,2,2024,Closed ,,,,Recommended for closure CTS,2024-05-31,2023-10-16,2024-02-07,E1541/2023
31,5,2024,RRC,E1882,14,12,2023,28,2,2023,Closed,,,,Closed,2024-05-31,2023-12-14,2023-02-28,E1882/2023
31,5,2024,RRC,E1889,15,12,2023,3,4,2024,Closed,,,,Closed,2024-05-31,2023-12-15,2024-04-03,E1889/2023
31,5,2024,RRC,E1897,18,12,2023,3,4,2023,Closed,,,,Closed,2024-05-31,2023-12-18,2023-04-03,E1897/2023
31,5,2024,RRC,1899,18,12,2023,3,4,2024,Closed,,,,Closed,2024-05-31,2023-12-18,2024-04-03,1899/2023
31,5,2024,RRC,1911,19,12,2023,27,2,2024,Closed,,,,Closed,2024-05-31,2023-12-19,2024-02-27,1911/2023
31,5,2024,RRC,E1915,19,12,2023,20,12,2023,Closed ,,,,Closed ,2024-05-31,2023-12-19,2023-12-20,E1915/2023
31,5,2024,RRC,1956,29,12,2023,29,1,2024,Closed,,,,Recommended for closure CTS,2024-05-31,2023-12-29,2024-01-29,1956/2023
31,5,2024,RRC,148,8,2,2022,9,3,2022,Closed,,,,Closed,2024-05-31,2022-02-08,2022-03-09,148/2022
31,5,2024,RRC,107,31,1,2022,5,5,2022,Closed,,,,Recommended for closure CTS,2024-05-31,2022-01-31,2022-05-05,107/2022
31,5,2024,RRC,111,31,1,2022,4,4,2022,Closed,,,,Recommended for closure CTS,2024-05-31,2022-01-31,2022-04-04,111/2022
31,5,2024,RRC,124,2,2,2022,31,5,2022,Closed,,,,Recommended for closure CTS,2024-05-31,2022-02-02,2022-05-31,124/2022
31,5,2024,RRC,131,4,2,2022,13,7,2022,Closed,,,,Recommended for closure CTS,2024-05-31,2022-02-04,2022-07-13,131/2022
31,5,2024,RRC,132,4,2,2022,7,3,2022,Closed,,,,Recommended for closure CTS,2024-05-31,2022-02-04,2022-03-07,132/2022
31,5,2024,RRC,E289,10,3,2022,30,3,2022,Closed,,,,Closed,2024-05-31,2022-03-10,2022-03-30,E289/2022
31,5,2024,RRC,E249,2,3,2022,9,11,2022,Closed,,,,Closed,2024-05-31,2022-03-02,2022-11-09,E249/2022
31,5,2024,RRC,E260,4,3,2022,22,6,2022,Closed,,,,Closed,2024-05-31,2022-03-04,2022-06-22,E260/2022
31,5,2024,RRC,E262,5,3,2022,22,8,2022,Closed,,,,Closed,2024-05-31,2022-03-05,2022-08-22,E262/2022
31,5,2024,RRC,E277,8,3,2022,7,7,2022,Closed,,,,Recommended for closure CTS,2024-05-31,2022-03-08,2022-07-07,E277/2022
31,5,2024,RRC,E335,24,3,2022,25,7,2022,Closed,,,,Closed,2024-05-31,2022-03-24,2022-07-25,E335/2022
31,5,2024,RRC,E340,25,3,2022,17,8,2022,Closed,,,,Closed,2024-05-31,2022-03-25,2022-08-17,E340/2022
31,5,2024,RRC,E522,19,5,2022,6,6,2022,Closed,,,,Closed,2024-05-31,2022-05-19,2022-06-06,E522/2022
31,5,2024,RRC,734,12,7,2022,23,8,2023,Closed,,,,Closed,2024-05-31,2022-07-12,2023-08-23,734/2022
31,5,2024,RRC,738,13,7,2022,12,4,2023,Closed,,,,Closed,2024-05-31,2022-07-13,2023-04-12,738/2022
31,5,2024,RRC,856,8,8,2022,19,10,2022,Closed,,,,Closed,2024-05-31,2022-08-08,2022-10-19,856/2022
31,5,2024,RRC,861,15,8,2022,13,6,2023,Closed,,,,Closed,2024-05-31,2022-08-15,2023-06-13,861/2022
31,5,2024,RRC,862,15,8,2022,14,3,2022,Closed,,,,Closed,2024-05-31,2022-08-15,2022-03-14,862/2022
31,5,2024,RRC,859,15,7,2022,9,5,2023,Closed,,,,Closed,2024-05-31,2022-07-15,2023-05-09,859/2022
31,5,2024,RRC,868,17,8,2022,26,1,2023,Closed,,,,Closed,2024-05-31,2022-08-17,2023-01-26,868/2022
31,5,2024,RRC,924,2,9,2022,15,2,2023,Closed,,,,Closed,2024-05-31,2022-09-02,2023-02-15,924/2022
31,5,2024,RRC,883,2,9,2022,21,2,2023,Closed,,,,Closed,2024-05-31,2022-09-02,2023-02-21,883/2022
31,5,2024,RRC,940,6,9,2022,12,9,2022,Closed,,,,Closed,2024-05-31,2022-09-06,2022-09-12,940/2022
31,5,2024,RRC,908,29,8,2022,8,2,2023,Closed,,,,Closed,2024-05-31,2022-08-29,2023-02-08,908/2022
31,5,2024,RRC,946,8,9,2022,11,,2023,Closed,,,,Closed,2024-05-31,2022-09-08,,946/2022
31,5,2024,RRC,961,12,9,2022,11,4,2023,Closed,,,,Closed,2024-05-31,2022-09-12,2023-04-11,961/2022
31,5,2024,RRC,1018,26,9,2022,3,10,2023,Closed,,,,Recommended for closure CTS,2024-05-31,2022-09-26,2023-10-03,1018/2022
31,5,2024,RRC,962,12,9,2022,10,8,2023,Closed,,,,Closed,2024-05-31,2022-09-12,2023-08-10,962/2022
31,5,2024,RRC,1013,23,9,2022,12,4,2023,Closed,,,,Closed,2024-05-31,2022-09-23,2023-04-12,1013/2022
31,5,2024,RRC,972,14,9,2022,4,2,2023,Closed,,,,Closed,2024-05-31,2022-09-14,2023-02-04,972/2022
31,5,2024,RRC,982,19,9,2022,11,5,2023,Closed,,,,Closed,2024-05-31,2022-09-19,2023-05-11,982/2022
31,5,2024,RRC ,E056,12,1,2023,4,5,2023,Closed,,,,Recommended for closure CTS,2024-05-31,2023-01-12,2023-05-04,E056/2023
31,5,2024,RRC ,E060,16,1,2023,27,6,2023,Closed ,,,,Recommended for closure CTS,2024-05-31,2023-01-16,2023-06-27,E060/2023
31,5,2024,RRC ,66/49,6,3,2023,6,6,2023,Closed ,,,,66 & 49 consilidated (66 Closed on CTS 49 Active) ,2024-05-31,2023-03-06,2023-06-06,66/49/2023
31,5,2024,RRC ,77,20,1,2023,10,5,2023,Closed,,,,To be registred on CTS and Closed,2024-05-31,2023-01-20,2023-05-10,77/2023
31,5,2024,RRC ,E102,25,1,2023,17,8,2023,Closed,,,,To be registred on CTS and Closed,2024-05-31,2023-01-25,2023-08-17,E102/2023
31,5,2024,RRC ,E128,22,2,2023,13,6,2023,Closed ,,,,Closed,2024-05-31,2023-02-22,2023-06-13,E128/2023
31,5,2024,RRC ,E121,27,1,2023,8,3,2023,Closed ,,,,To be registred on CTS and Closed,2024-05-31,2023-01-27,2023-03-08,E121/2023
31,5,2024,RRC ,E119,28,1,2023,22,3,2023,Closed ,,,,Closed,2024-05-31,2023-01-28,2023-03-22,E119/2023
31,5,2024,RRC ,E115,31,1,2023,29,2,2024,Closed,,,,To be registred on CTS and Closed,2024-05-31,2023-01-31,2024-02-29,E115/2023
31,5,2024,RRC ,E113,26,1,2023,13,6,2023,Closed,,,,To be registred on CTS and Closed,2024-05-31,2023-01-26,2023-06-13,E113/2023
31,5,2024,RRC,E109,25,1,2023,18,4,2023,Closed,,,,Closed,2024-05-31,2023-01-25,2023-04-18,E109/2023
31,5,2024,RRC,E108,25,1,2023,14,4,2023,Closed,,,,Closed,2024-05-31,2023-01-25,2023-04-14,E108/2023
31,5,2024,RRC,E107,25,1,2023,27,6,2023,Closed,,,,To be registred on CTS and Closed,2024-05-31,2023-01-25,2023-06-27,E107/2023
31,5,2024,RRC,E168,2,2,2023,6,2,2023,Closed,,,,To be registred on CTS and Closed,2024-05-31,2023-02-02,2023-02-06,E168/2023
31,5,2024,RRC,E235,10,2,2023,6,9,2023,Closed,,,,To be registred on CTS and Closed,2024-05-31,2023-02-10,2023-09-06,E235/2023
31,5,2024,RRC,E711,11,5,2023,23,11,2023,Closed on CTS,,,,Active on file,2024-05-31,2023-05-11,2023-11-23,E711/2023
31,5,2024,RRC,E704,10,5,2023,2,11,2023,Closed ,,,,Closed ,2024-05-31,2023-05-10,2023-11-02,E704/2023
31,5,2024,RRC,E697,9,5,2023,15,8,2023,Closed,,,,Closed ,2024-05-31,2023-05-09,2023-08-15,E697/2023
31,5,2024,RRC,E744,19,5,2023,3,1,2024,Closed,,,,Closed ,2024-05-31,2023-05-19,2024-01-03,E744/2023
31,5,2024,RRC,E738,17,5,2023,8,2,2024,Closed,,,,Closed ,2024-05-31,2023-05-17,2024-02-08,E738/2023
31,5,2024,RRC,E733,12,5,2023,17,5,2023,Pleadings not signed ,,,,Pleadings not signed,2024-05-31,2023-05-12,2023-05-17,E733/2023
31,5,2024,RRC,E719,12,5,2023,9,2,2024,Closed,,,,Closed ,2024-05-31,2023-05-12,2024-02-09,E719/2023
31,5,2024,RRC,E551,6,4,2023,15,8,2023,Dismissed,,,,Closed ,2024-05-31,2023-04-06,2023-08-15,E551/2023
31,5,2024,RRC,E567,11,4,2023,1,8,2023,Closed,,,,Closed ,2024-05-31,2023-04-11,2023-08-01,E567/2023
31,5,2024,RRC,E575,12,4,2023,13,4,2023,Closed,,,,Closed ,2024-05-31,2023-04-12,2023-04-13,E575/2023
31,5,2024,RRC,E656,28,4,2023,12,2,2024,Closed,,,,Recommended for closure CTS,2024-05-31,2023-04-28,2024-02-12,E656/2023
31,5,2024,RRC,E671,4,5,2023,11,4,2024,Closed,,,,Recommended for closure CTS,2024-05-31,2023-05-04,2024-04-11,E671/2023
31,5,2024,RRC,E1236,15,8,2023,,,,Closed,,,,Closed,2024-05-31,2023-08-15,,E1236/2023
31,5,2024,RRC,E1237,16,8,2023,7,2,2024,Closed,,,,Recommended for closure CTS,2024-05-31,2023-08-16,2024-02-07,E1237/2023
31,5,2024,RRC,747,31,5,2017,24,1,2017,Closed,,,,Recommended for closure CTS,2024-05-31,2017-05-31,2017-01-24,747/2017
31,5,2024,RRC,721,29,5,2017,29,5,2018,Closed,,,,Recommended for closure CTS,2024-05-31,2017-05-29,2018-05-29,721/2017
31,5,2024,RRC,720,31,5,2017,18,9,2017,Closed,,,,Recommended for closure CTS,2024-05-31,2017-05-31,2017-09-18,720/2017
31,5,2024,RRC,698,23,5,2017,15,8,2017,Closed,,,,Recommended for closure CTS,2024-05-31,2017-05-23,2017-08-15,698/2017
31,5,2024,RRC,563,9,6,2017,29,11,2018,Closed,,,,Recommended for closure CTS,2024-05-31,2017-06-09,2018-11-29,563/2017
31,5,2024,RRC,715,26,5,2017,14,9,2017,Closed,,,,Recommended for closure CTS,2024-05-31,2017-05-26,2017-09-14,715/2017
31,5,2024,RRC,88,24,1,2017,29,3,2017,Closed,,,,Recommended for closure CTS,2024-05-31,2017-01-24,2017-03-29,88/2017
31,5,2024,RRC,734,30,5,2017,19,9,2017,Closed,,,,Recommended for closure CTS,2024-05-31,2017-05-30,2017-09-19,734/2017
31,5,2024,RRC,604,5,5,2017,31,8,2017,Closed,,,,Recommended for closure CTS,2024-05-31,2017-05-05,2017-08-31,604/2017
31,5,2024,RRC,788,20,6,2017,10,10,2017,Closed,,,,Recommended for closure CTS,2024-05-31,2017-06-20,2017-10-10,788/2017
31,5,2024,RRC,797,20,9,2017,22,6,2017,Closed,,,,Recommended for closure CTS,2024-05-31,2017-09-20,2017-06-22,797/2017
31,5,2024,RRC,772,8,6,2017,7,5,2018,Closed,,,,Recommended for closure CTS,2024-05-31,2017-06-08,2018-05-07,772/2017
31,5,2024,RRC,458,4,4,2017,20,6,2017,Closed,,,,Recommended for closure CTS,2024-05-31,2017-04-04,2017-06-20,458/2017
31,5,2024,RRC,607,5,5,2017,29,3,2017,Closed,,,,Recommended for closure CTS,2024-05-31,2017-05-05,2017-03-29,607/2017
31,5,2024,RRC,650,12,5,2017,15,7,2019,Closed,,,,Recommended for closure CTS,2024-05-31,2017-05-12,2019-07-15,650/2017
31,5,2024,RRC,635,11,5,2017,5,2,2018,Closed,,,,Recommended for closure CTS,2024-05-31,2017-05-11,2018-02-05,635/2017
31,5,2024,RRC,448,4,4,2017,25,3,2019,Closed,,,,Recommended for closure CTS,2024-05-31,2017-04-04,2019-03-25,448/2017
31,5,2024,RRC,487,18,4,2017,21,11,2017,Closed,,,,Recommended for closure CTS,2024-05-31,2017-04-18,2017-11-21,487/2017
31,5,2024,RRC,738,30,5,2017,19,6,2019,Closed,,,,Recommended for closure CTS,2024-05-31,2017-05-30,2019-06-19,738/2017
31,5,2024,RRC,728,29,5,2017,19,9,2017,Closed,,,,Recommended for closure CTS,2024-05-31,2017-05-29,2017-09-19,728/2017
31,5,2024,RRC,776,8,6,2017,12,4,2018,Closed,,,,Recommended for closure CTS,2024-05-31,2017-06-08,2018-04-12,776/2017
31,5,2024,RRC,566,9,6,2017,9,11,2017,Closed,,,,Recommended for closure CTS,2024-05-31,2017-06-09,2017-11-09,566/2017
31,5,2024,RRC,569,12,6,2017,5,9,2017,Closed,,,,Recommended for closure CTS,2024-05-31,2017-06-12,2017-09-05,569/2017
31,5,2024,RRC,672,17,5,2017,31,8,2017,Closed,,,,Recommended for closure CTS,2024-05-31,2017-05-17,2017-08-31,672/2017
31,5,2024,RRC,29,21,2,2010,16,2,2011,Closed,,,,Recommended for closure CTS,2024-05-31,2010-02-21,2011-02-16,29/2010
31,5,2024,RRC,19,15,9,2010,16,2,2011,Closed,,,,Recommended for closure CTS,2024-05-31,2010-09-15,2011-02-16,19/2010
31,5,2024,RRC,2,26,5,2010,26,5,2010,Closed,,,,Recommended for closure CTS,2024-05-31,2010-05-26,2010-05-26,2/2010
31,5,2024,RRC,1467,16,12,2010,14,2,2010,Closed,,,,Recommended for closure CTS,2024-05-31,2010-12-16,2010-02-14,1467/2010
31,5,2024,RRC,1490,21,12,2016,17,1,2017,Closed,,,,Recommended for closure CTS,2024-05-31,2016-12-21,2017-01-17,1490/2016
31,5,2024,RRC,259,9,3,2016,10,3,2016,Closed,,,,Recommended for closure CTS,2024-05-31,2016-03-09,2016-03-10,259/2016
31,5,2024,RRC,1029,14,9,2016,21,11,2016,Closed,,,,Recommended for closure CTS,2024-05-31,2016-09-14,2016-11-21,1029/2016
31,5,2024,RRC,1039,15,9,2016,17,10,2016,Closed,,,,Recommended for closure CTS,2024-05-31,2016-09-15,2016-10-17,1039/2016
31,5,2024,RRC,918,19,8,2016,5,9,2016,Closed,,,,Recommended for closure CTS,2024-05-31,2016-08-19,2016-09-05,918/2016
31,5,2024,RRC,966,30,8,2016,31,8,2016,Closed,,,,Recommended for closure CTS,2024-05-31,2016-08-30,2016-08-31,966/2016
31,5,2024,RRC,973,1,9,2016,19,10,2016,Closed,,,,Recommended for closure CTS,2024-05-31,2016-09-01,2016-10-19,973/2016
31,5,2024,RRC,1478,20,8,2016,16,5,2017,Closed,,,,Recommended for closure CTS,2024-05-31,2016-08-20,2017-05-16,1478/2016
31,5,2024,RRC,343,6,4,2016,17,1,2017,Closed,,,,Recommended for closure CTS,2024-05-31,2016-04-06,2017-01-17,343/2016
31,5,2024,RRC,332,31,3,2016,8,6,2016,Closed,,,,Recommended for closure CTS,2024-05-31,2016-03-31,2016-06-08,332/2016
31,5,2024,RRC,331,14,6,2016,18,8,2016,Closed,,,,Recommended for closure CTS,2024-05-31,2016-06-14,2016-08-18,331/2016
31,5,2024,RRC,347,7,4,2016,28,3,2017,Closed,,,,Recommended for closure CTS,2024-05-31,2016-04-07,2017-03-28,347/2016
31,5,2024,RRC,134,29,5,2009,2,9,2009,Closed,,,,Recommended for closure CTS,2024-05-31,2009-05-29,2009-09-02,134/2009
31,5,2024,RRC,137,6,8,2009,5,11,2009,Closed,,,,Recommended for closure CTS,2024-05-31,2009-08-06,2009-11-05,137/2009
31,5,2024,RRC,146,6,8,2009,28,10,2009,Closed,,,,Recommended for closure CTS,2024-05-31,2009-08-06,2009-10-28,146/2009
31,5,2024,RRC,143,3,8,2009,10,12,2009,Closed,,,,Recommended for closure CTS,2024-05-31,2009-08-03,2009-12-10,143/2009
31,5,2024,RRC,211,7,10,2009,10,2,2010,Closed,,,,Recommended for closure CTS,2024-05-31,2009-10-07,2010-02-10,211/2009
31,5,2024,RRC,141,30,7,2009,6,10,2009,Closed,,,,Recommended for closure CTS,2024-05-31,2009-07-30,2009-10-06,141/2009
31,5,2024,RRC,14,30,6,2009,30,6,2009,Closed,,,,Recommended for closure CTS,2024-05-31,2009-06-30,2009-06-30,14/2009
31,5,2024,RRC,20,7,7,2009,5,5,2010,Closed,,,,Recommended for closure CTS,2024-05-31,2009-07-07,2010-05-05,20/2009
31,5,2024,RRC,295,20,11,2009,30,3,2010,Closed,,,,Recommended for closure CTS,2024-05-31,2009-11-20,2010-03-30,295/2009
31,5,2024,RRC,291,20,11,2009,30,3,2010,Closed,,,,Recommended for closure CTS,2024-05-31,2009-11-20,2010-03-30,291/2009
31,5,2024,RRC,286,20,11,2009,4,2,2010,Closed,,,,Recommended for closure CTS,2024-05-31,2009-11-20,2010-02-04,286/2009
31,5,2024,RRC,285,20,11,2009,8,12,2009,Closed,,,,Recommended for closure CTS,2024-05-31,2009-11-20,2009-12-08,285/2009
31,5,2024,RRC,284,20,11,2009,3,2,2010,Closed,,,,Recommended for closure CTS,2024-05-31,2009-11-20,2010-02-03,284/2009
31,5,2024,RRC,283,20,11,2009,14,1,2010,Closed,,,,Recommended for closure CTS,2024-05-31,2009-11-20,2010-01-14,283/2009
31,5,2024,RRC,279,20,11,2009,10,2,2010,Closed,,,,Recommended for closure CTS,2024-05-31,2009-11-20,2010-02-10,279/2009
31,5,2024,RRC,271,20,11,2009,14,1,2010,Closed,,,,Recommended for closure CTS,2024-05-31,2009-11-20,2010-01-14,271/2009
31,5,2024,RRC,266,20,11,2009,3,3,2010,Closed,,,,Recommended for closure CTS,2024-05-31,2009-11-20,2010-03-03,266/2009
31,5,2024,RRC,261,20,11,2009,2,2,2010,Closed,,,,Recommended for closure CTS,2024-05-31,2009-11-20,2010-02-02,261/2009
31,5,2024,RRC,259,20,11,2009,2,2,2010,Closed,,,,Recommended for closure CTS,2024-05-31,2009-11-20,2010-02-02,259/2009
31,5,2024,RRC,258,20,11,2009,2,2,2010,Closed,,,,Recommended for closure CTS,2024-05-31,2009-11-20,2010-02-02,258/2009
31,5,2024,RRC,256,18,11,2009,2,5,2009,Closed,,,,Recommended for closure CTS,2024-05-31,2009-11-18,2009-05-02,256/2009
31,5,2024,RRC,235,2,11,2009,29,11,2011,Closed,,,,Recommended for closure CTS,2024-05-31,2009-11-02,2011-11-29,235/2009
31,5,2024,RRC,201,17,9,2009,30,4,2013,Closed,,,,Recommended for closure CTS,2024-05-31,2009-09-17,2013-04-30,201/2009
31,5,2024,RRC,193,3,9,2009,4,9,2009,Closed,,,,Recommended for closure CTS,2024-05-31,2009-09-03,2009-09-04,193/2009
31,5,2024,RRC,192,3,9,2009,18,3,2010,Closed,,,,Recommended for closure CTS,2024-05-31,2009-09-03,2010-03-18,192/2009
31,5,2024,RRC,187,27,8,2009,9,12,2009,Closed,,,,Recommended for closure CTS,2024-05-31,2009-08-27,2009-12-09,187/2009
31,5,2024,RRC,55,16,3,2009,10,5,2012,Closed,,,,Recommended for closure CTS,2024-05-31,2009-03-16,2012-05-10,55/2009
31,5,2024,RRC,37,23,2,2009,20,11,2013,Closed,,,,Recommended for closure CTS,2024-05-31,2009-02-23,2013-11-20,37/2009
31,5,2024,RRC,123,6,7,2009,19,8,2009,Closed,,,,Recommended for closure CTS,2024-05-31,2009-07-06,2009-08-19,123/2009
31,5,2024,RRC,125,6,7,2009,8,10,2009,Closed,,,,Recommended for closure CTS,2024-05-31,2009-07-06,2009-10-08,125/2009
31,5,2024,RRC,475,21,3,2019,22,3,2019,ACIVE:Hg on 5/6/2019,,,,Recommended for dismissal,2024-05-31,2019-03-21,2019-03-22,475/2019
31,5,2024,RRC,147,10,9,2008,23,10,2008,Closed,,,,Recommended for closure CTS,2024-05-31,2008-09-10,2008-10-23,147/2008
31,5,2024,RRC,131,27,8,2008,25,9,2008,Closed,,,,Recommended for closure CTS,2024-05-31,2008-08-27,2008-09-25,131/2008
31,5,2024,RRC,42,18,4,2008,21,2,2019,Closed,,,,Recommended for closure CTS,2024-05-31,2008-04-18,2019-02-21,42/2008
31,5,2024,RRC,210,19,12,2008,17,2,2015,Closed,,,,Recommended for closure CTS,2024-05-31,2008-12-19,2015-02-17,210/2008
31,5,2024,RRC,E411,11,8,2021,4,10,2021,Closed,,,,Recommended for closure CTS,2024-05-31,2021-08-11,2021-10-04,E411/2021
31,5,2024,RRC,E661,19,10,2021,14,7,2022,Closed,,,,Recommended for closure CTS,2024-05-31,2021-10-19,2022-07-14,E661/2021
31,5,2024,RRC,E722,4,11,2021,14,6,2022,Closed,,,,Recommended for closure CTS,2024-05-31,2021-11-04,2022-06-14,E722/2021
31,5,2024,RRC,E751,11,11,2021,19,8,2022,Closed,,,,Recommended for closure CTS,2024-05-31,2021-11-11,2022-08-19,E751/2021
31,5,2024,RRC,E843,4,12,2021,20,7,2021,Closed,,,,Recommended for closure CTS,2024-05-31,2021-12-04,2021-07-20,E843/2021
31,5,2024,RRC,120,9,2,2021,10,3,2021,Closed,,,,Recommended for closure CTS,2024-05-31,2021-02-09,2021-03-10,120/2021
31,5,2024,RRC,6A,5,1,2012,14,2,2012,Closed,,,,Recommended for closure CTS,2024-05-31,2012-01-05,2012-02-14,6A/2012
31,5,2024,RRC,15,10,1,2012,15,2,2012,Closed,,,,Recommended for closure CTS,2024-05-31,2012-01-10,2012-02-15,15/2012
31,5,2024,RRC,17A,12,1,2012,10,5,2012,Closed,,,,Recommended for closure CTS,2024-05-31,2012-01-12,2012-05-10,17A/2012
31,5,2024,RRC,163,3,4,2012,5,11,2012,Closed,,,,Recommended for closure CTS,2024-05-31,2012-04-03,2012-11-05,163/2012
31,5,2024,RRC,308,12,5,2014,14,8,2014,Closed,,,,Recommended for closure CTS,2024-05-31,2014-05-12,2014-08-14,308/2014
31,5,2024,RRC,164,12,3,2014,26,11,2014,Closed,,,,Recommended for closure CTS,2024-05-31,2014-03-12,2014-11-26,164/2014
31,5,2024,RRC,181,14,3,2014,14,5,2014,Closed,,,,Recommended for closure CTS,2024-05-31,2014-03-14,2014-05-14,181/2014
31,5,2024,RRC,182,14,3,2014,24,6,2014,Closed,,,,Recommended for closure CTS,2024-05-31,2014-03-14,2014-06-24,182/2014
31,5,2024,RRC,183,14,3,2014,26,6,2014,Closed,,,,Recommended for closure CTS,2024-05-31,2014-03-14,2014-06-26,183/2014
31,5,2024,RRC,389,11,6,2014,17,9,2014,Closed,,,,Recommended for closure CTS,2024-05-31,2014-06-11,2014-09-17,389/2014
31,5,2024,RRC,763,11,12,2014,12,10,2015,Closed,,,,Recommended for closure CTS,2024-05-31,2014-12-11,2015-10-12,763/2014
31,5,2024,RRC,760B,16,12,2014,11,5,2016,Closed,,,,Recommended for closure CTS,2024-05-31,2014-12-16,2016-05-11,760B/2014
31,5,2024,RRC,396,13,6,2014,14,8,2014,Closed,,,,Recommended for closure CTS,2024-05-31,2014-06-13,2014-08-14,396/2014
31,5,2024,RRC,415,17,6,2014,9,9,2014,Closed,,,,Recommended for closure CTS,2024-05-31,2014-06-17,2014-09-09,415/2014
31,5,2024,RRC,477,24,7,2014,14,10,2014,Closed,,,,Recommended for closure CTS,2024-05-31,2014-07-24,2014-10-14,477/2014
31,5,2024,RRC,768,11,12,2014,17,11,2015,Closed,,,,Recommended for closure CTS,2024-05-31,2014-12-11,2015-11-17,768/2014
31,5,2024,RRC,202,6,9,2007,14,3,2009,Closed,,,,Recommended for closure CTS,2024-05-31,2007-09-06,2009-03-14,202/2007
31,5,2024,RRC,259,14,4,2007,9,4,2008,Closed,,,,Recommended for closure CTS,2024-05-31,2007-04-14,2008-04-09,259/2007
31,5,2024,RRC,212,20,9,2007,14,3,2019,Closed,,,,Recommended for closure CTS,2024-05-31,2007-09-20,2019-03-14,212/2007
31,5,2024,RRC,358,3,10,2011,13,12,2011,Closed,,,,Recommended for closure CTS,2024-05-31,2011-10-03,2011-12-13,358/2011
31,5,2024,RRC,1183,12,8,2020,9,3,2020,Closed,,,,Recommended for closure CTS,2024-05-31,2020-08-12,2020-03-09,1183/2020
31,5,2024,RRC,1162,18,8,2020,8,3,2021,Closed,,,,Recommended for closure CTS,2024-05-31,2020-08-18,2021-03-08,1162/2020
31,5,2024,RRC,E087,25,1,2022,25,5,2022,Closed,,,,Recommended for closure CTS,2024-05-31,2022-01-25,2022-05-25,E087/2022
31,5,2024,RRC,E207,17,2,2022,2,6,2022,Closed,,,,Recommended for closure CTS,2024-05-31,2022-02-17,2022-06-02,E207/2022
31,5,2024,RRC,E172,11,2,2022,24,8,2022,Closed,,,,Recommended for closure CTS,2024-05-31,2022-02-11,2022-08-24,E172/2022
31,5,2024,RRC,E177,11,2,2022,14,6,2022,Closed,,,,Recommended for closure CTS,2024-05-31,2022-02-11,2022-06-14,E177/2022
31,5,2024,RRC,E184,14,2,2022,11,10,2022,Closed,,,,Recommended for closure CTS,2024-05-31,2022-02-14,2022-10-11,E184/2022
31,5,2024,RRC,E185,14,2,2022,17,10,2022,Closed,,,,Recommended for closure CTS,2024-05-31,2022-02-14,2022-10-17,E185/2022
31,5,2024,RRC,E193,15,2,2022,11,1,2023,Closed,,,,Recommended for closure CTS,2024-05-31,2022-02-15,2023-01-11,E193/2022
31,5,2024,RRC,E244,3,3,2022,26,7,2022,Closed,,,,Recommended for closure CTS,2024-05-31,2022-03-03,2022-07-26,E244/2022
31,5,2024,RRC,E284,9,3,2022,28,4,2022,Closed,,,,Recommended for closure CTS,2024-05-31,2022-03-09,2022-04-28,E284/2022
31,5,2024,RRC,E285,10,3,2022,7,6,2022,Closed,,,,Recommended for closure CTS,2024-05-31,2022-03-10,2022-06-07,E285/2022
31,5,2024,RRC,E642,16,6,2022,11,4,2023,Closed,,,,Recommended for closure CTS,2024-05-31,2022-06-16,2023-04-11,E642/2022
31,5,2024,RRC,E681,1,6,2022,8,2,2024,Closed,,,,Recommended for closure CTS,2024-05-31,2022-06-01,2024-02-08,E681/2022
31,5,2024,RRC,E832,4,8,2022,8,11,2022,Closed,,,,Recommended for closure CTS,2024-05-31,2022-08-04,2022-11-08,E832/2022
31,5,2024,RRC,E1146,25,10,2022,11,7,2023,Closed,,,,Recommended for closure CTS,2024-05-31,2022-10-25,2023-07-11,E1146/2022
31,5,2024,RRC,E1147,25,10,2022,18,4,2024,Closed,,,,Recommended for closure CTS,2024-05-31,2022-10-25,2024-04-18,E1147/2022
31,5,2024,RRC,E1149,25,10,2022,22,3,2023,Closed,,,,Recommended for closure CTS,2024-05-31,2022-10-25,2023-03-22,E1149/2022
31,5,2024,RRC,E1150,25,10,2022,7,9,2023,Closed,,,,Recommended for closure CTS,2024-05-31,2022-10-25,2023-09-07,E1150/2022
31,5,2024,RRC,E1193,1,11,2022,1,3,2023,Closed,,,,Recommended for closure CTS,2024-05-31,2022-11-01,2023-03-01,E1193/2022
31,5,2024,RRC,E1259,15,11,2022,11,4,2023,Closed,,,,Recommended for closure CTS,2024-05-31,2022-11-15,2023-04-11,E1259/2022
31,5,2024,RRC,E1257,10,11,2022,18,4,2023,Closed,,,,Recommended for closure CTS,2024-05-31,2022-11-10,2023-04-18,E1257/2022
31,5,2024,RRC,E1202,1,11,2022,21,11,2022,Closed,,,,Recommended for closure CTS,2024-05-31,2022-11-01,2022-11-21,E1202/2022
31,5,2024,RRC,E1249,9,11,2022,20,4,2023,Closed,,,,Recommended for closure CTS,2024-05-31,2022-11-09,2023-04-20,E1249/2022
31,5,2024,RRC,E1286,17,11,2022,13,6,2023,Closed,,,,Recommended for closure CTS,2024-05-31,2022-11-17,2023-06-13,E1286/2022
31,5,2024,RRC,E1287,17,11,2022,22,8,2023,Closed,,,,Recommended for closure CTS,2024-05-31,2022-11-17,2023-08-22,E1287/2022
31,5,2024,RRC,E1282,17,11,2022,4,5,2023,Closed,,,,Recommended for closure CTS,2024-05-31,2022-11-17,2023-05-04,E1282/2022
31,5,2024,RRC,E1279,15,11,2022,11,4,2023,Closed,,,,Recommended for closure CTS,2024-05-31,2022-11-15,2023-04-11,E1279/2022
31,5,2024,RRC,E1280,13,11,2022,22,8,2023,Closed,,,,Recommended for closure CTS,2024-05-31,2022-11-13,2023-08-22,E1280/2022
31,5,2024,RRC,E1215,3,11,2022,3,5,2023,Closed,,,,Recommended for closure CTS,2024-05-31,2022-11-03,2023-05-03,E1215/2022
31,5,2024,RRC,E1207,2,11,2022,27,4,2023,Closed,,,,Recommended for closure CTS,2024-05-31,2022-11-02,2023-04-27,E1207/2022
31,5,2024,RRC,E1208,2,11,2022,7,6,2023,Closed,,,,Recommended for closure CTS,2024-05-31,2022-11-02,2023-06-07,E1208/2022
31,5,2024,RRC,E1289,17,11,2022,11,5,2023,Closed,,,,Recommended for closure CTS,2024-05-31,2022-11-17,2023-05-11,E1289/2022
31,5,2024,RRC,E1293,21,11,2022,28,3,2023,Closed,,,,Recommended for closure CTS,2024-05-31,2022-11-21,2023-03-28,E1293/2022
31,5,2024,RRC,E1326,28,11,2022,21,3,2023,Closed,,,,Recommended for closure CTS,2024-05-31,2022-11-28,2023-03-21,E1326/2022
31,5,2024,RRC,E1320,23,11,2022,10,5,2023,Closed,,,,Recommended for closure CTS,2024-05-31,2022-11-23,2023-05-10,E1320/2022
31,5,2024,RRC,E1322,26,11,2022,24,4,2023,Closed,,,,Recommended for closure CTS,2024-05-31,2022-11-26,2023-04-24,E1322/2022
31,5,2024,RRC,E1319,4,9,2023,1,2,2024,Closed,,,,Recommended for closure CTS,2024-05-31,2023-09-04,2024-02-01,E1319/2023
31,5,2024,RRC,E1313,28,11,2022,30,1,2023,Closed,,,,Recommended for closure CTS,2024-05-31,2022-11-28,2023-01-30,E1313/2022
31,5,2024,RRC,E1245,9,11,2022,17,4,2024,Closed,,,,Recommended for closure CTS,2024-05-31,2022-11-09,2024-04-17,E1245/2022
31,5,2024,RRC,E1246,9,11,2022,30,11,2023,Closed,,,,Recommended for closure CTS,2024-05-31,2022-11-09,2023-11-30,E1246/2022
31,5,2024,RRC,E1248,9,11,2022,20,4,2023,Closed,,,,Recommended for closure CTS,2024-05-31,2022-11-09,2023-04-20,E1248/2022
31,5,2024,RRC,E1250,9,11,2022,16,12,2022,Closed,,,,Recommended for closure CTS,2024-05-31,2022-11-09,2022-12-16,E1250/2022
31,5,2024,RRC,E1262,11,11,2022,27,9,2023,Closed,,,,Recommended for closure CTS,2024-05-31,2022-11-11,2023-09-27,E1262/2022
31,5,2024,RRC,E1266,14,11,2022,2,3,2023,Closed,,,,Recommended for closure CTS,2024-05-31,2022-11-14,2023-03-02,E1266/2022
31,5,2024,RRC,E1278,16,11,2022,19,12,2022,Closed,,,,Recommended for closure CTS,2024-05-31,2022-11-16,2022-12-19,E1278/2022
31,5,2024,RRC,E1295,22,11,2022,27,6,2023,Closed,,,,Recommended for closure CTS,2024-05-31,2022-11-22,2023-06-27,E1295/2022
31,5,2024,RRC,E1450,22,12,2022,22,2,2024,Closed,,,,Recommended for closure CTS,2024-05-31,2022-12-22,2024-02-22,E1450/2022
31,5,2024,RRC,E1436,16,12,2022,7,9,2023,Closed,,,,Recommended for closure CTS,2024-05-31,2022-12-16,2023-09-07,E1436/2022
31,5,2024,RRC,E1435,15,12,2022,18,4,2023,Closed,,,,Recommended for closure CTS,2024-05-31,2022-12-15,2023-04-18,E1435/2022
31,5,2024,RRC,E1428,21,12,2022,1,8,2023,Closed,,,,Recommended for closure CTS,2024-05-31,2022-12-21,2023-08-01,E1428/2022
31,5,2024,RRC,E1425,15,12,2022,14,8,2023,Closed,,,,Recommended for closure CTS,2024-05-31,2022-12-15,2023-08-14,E1425/2022
31,5,2024,RRC,E1442,20,12,2022,14,4,2023,Closed,,,,Recommended for closure CTS,2024-05-31,2022-12-20,2023-04-14,E1442/2022
31,5,2024,RRC,E1420,15,12,2022,19,4,2023,Closed,,,,Recommended for closure CTS,2024-05-31,2022-12-15,2023-04-19,E1420/2022
31,5,2024,RRC,E1417,15,12,2022,2,8,2023,Closed,,,,Recommended for closure CTS,2024-05-31,2022-12-15,2023-08-02,E1417/2022
31,5,2024,RRC,E1412,14,12,2022,5,12,2023,Closed,,,,Recommended for closure CTS,2024-05-31,2022-12-14,2023-12-05,E1412/2022
31,5,2024,RRC,E1397,9,12,2022,24,5,2023,Closed,,,,Recommended for closure CTS,2024-05-31,2022-12-09,2023-05-24,E1397/2022
31,5,2024,RRC,E1404,14,12,2022,5,10,2023,Closed,,,,Recommended for closure CTS,2024-05-31,2022-12-14,2023-10-05,E1404/2022
31,5,2024,RRC,E1387,7,12,2022,28,9,2023,Closed,,,,Recommended for closure CTS,2024-05-31,2022-12-07,2023-09-28,E1387/2022
31,5,2024,RRC,E1384,7,12,2022,7,8,2023,Closed,,,,Recommended for closure CTS,2024-05-31,2022-12-07,2023-08-07,E1384/2022
31,5,2024,RRC,E1398,9,12,2022,20,4,2023,Closed,,,,Recommended for closure CTS,2024-05-31,2022-12-09,2023-04-20,E1398/2022
31,5,2024,RRC,E1381,6,12,2022,18,1,2023,Closed,,,,Recommended for closure CTS,2024-05-31,2022-12-06,2023-01-18,E1381/2022
31,5,2024,RRC,E1383,7,12,2022,20,4,2023,Closed,,,,Recommended for closure CTS,2024-05-31,2022-12-07,2023-04-20,E1383/2022
31,5,2024,RRC,E1364,2,12,2022,14,6,2023,Closed,,,,Recommended for closure CTS,2024-05-31,2022-12-02,2023-06-14,E1364/2022
31,5,2024,RRC,47,22,2,2006,9,6,2009,Closed,,,,Recommended for closure CTS,2024-05-31,2006-02-22,2009-06-09,47/2006
31,5,2024,RRC,45,22,2,2006,24,3,2006,Closed,,,,Recommended for closure CTS,2024-05-31,2006-02-22,2006-03-24,45/2006
31,5,2024,RRC,44,22,2,2006,23,10,2006,Adjourned,,,,Recommended for dismissal,2024-05-31,2006-02-22,2006-10-23,44/2006
31,5,2024,RRC,42,22,2,2006,18,9,2006,Closed,,,,Recommended for closure CTS,2024-05-31,2006-02-22,2006-09-18,42/2006
31,5,2024,RRC,39,15,4,2006,3,5,2006,Closed,,,,Recommended for closure CTS,2024-05-31,2006-04-15,2006-05-03,39/2006
31,5,2024,RRC,37,22,2,2006,29,5,2006,Closed,,,,Recommended for closure CTS,2024-05-31,2006-02-22,2006-05-29,37/2006
31,5,2024,RRC,15,26,1,2006,10,12,2009,Closed,,,,Recommended for closure CTS,2024-05-31,2006-01-26,2009-12-10,15/2006
31,5,2024,RRC,228,23,2,2017,25,4,2017,Closed,,,,Recommended for closure CTS,2024-05-31,2017-02-23,2017-04-25,228/2017
31,5,2024,RRC,218,16,3,2017,19,4,2017,Closed,,,,Recommended for closure CTS,2024-05-31,2017-03-16,2017-04-19,218/2017
31,5,2024,RRC,173,13,2,2017,24,4,2017,Closed,,,,Recommended for closure CTS,2024-05-31,2017-02-13,2017-04-24,173/2017
31,5,2024,RRC,193,13,2,2017,18,1,2018,Closed,,,,Recommended for closure CTS,2024-05-31,2017-02-13,2018-01-18,193/2017
31,5,2024,RRC,192,17,2,2017,22,2,2018,Closed,,,,Recommended for closure CTS,2024-05-31,2017-02-17,2018-02-22,192/2017
31,5,2024,RRC,174,13,10,2017,27,3,2017,Closed,,,,Recommended for closure CTS,2024-05-31,2017-10-13,2017-03-27,174/2017
31,5,2024,RRC,196,16,2,2017,19,10,2017,Closed,,,,Recommended for closure CTS,2024-05-31,2017-02-16,2017-10-19,196/2017
31,5,2024,RRC,207,20,2,2017,21,8,2019,Closed,,,,Recommended for closure CTS,2024-05-31,2017-02-20,2019-08-21,207/2017
31,5,2024,RRC,1295,18,10,2017,11,7,2018,Closed,,,,Recommended for closure CTS,2024-05-31,2017-10-18,2018-07-11,1295/2017
31,5,2024,RRC,313,15,3,2017,3,5,2018,Closed,,,,Recommended for closure CTS,2024-05-31,2017-03-15,2018-05-03,313/2017
31,5,2024,RRC,250,27,2,2017,29,11,2018,Closed,,,,Recommended for closure CTS,2024-05-31,2017-02-27,2018-11-29,250/2017
31,5,2024,RRC,90,24,1,2017,29,3,2017,Dismissed,,,,Recommended for closure CTS,2024-05-31,2017-01-24,2017-03-29,90/2017
31,5,2024,RRC,66,18,1,2017,20,2,2017,Closed,,,,Recommended for closure CTS,2024-05-31,2017-01-18,2017-02-20,66/2017
31,5,2024,RRC,79,20,1,2017,23,3,2017,Closed,,,,Recommended for closure CTS,2024-05-31,2017-01-20,2017-03-23,79/2017
31,5,2024,RRC,248,27,2,2017,25,4,2017,Closed,,,,Recommended for closure CTS,2024-05-31,2017-02-27,2017-04-25,248/2017
31,5,2024,RRC,247,27,2,2017,25,4,2017,Closed,,,,Recommended for closure CTS,2024-05-31,2017-02-27,2017-04-25,247/2017
31,5,2024,RRC,246,27,2,2017,25,4,2017,Closed,,,,Recommended for closure CTS,2024-05-31,2017-02-27,2017-04-25,246/2017
31,5,2024,RRC,245,27,2,2017,25,4,2017,Closed,,,,Recommended for closure CTS,2024-05-31,2017-02-27,2017-04-25,245/2017
31,5,2024,RRC,243,27,2,2017,25,4,2017,Closed,,,,Recommended for closure CTS,2024-05-31,2017-02-27,2017-04-25,243/2017
31,5,2024,RRC,77,20,1,2017,27,6,2017,Closed,,,,Recommended for closure CTS,2024-05-31,2017-01-20,2017-06-27,77/2017
31,5,2024,RRC,294,8,3,2017,5,4,2017,Closed,,,,Recommended for closure CTS,2024-05-31,2017-03-08,2017-04-05,294/2017
31,5,2024,RRC,281,6,3,2017,12,10,2017,Withdrawn,,,,Recommended for dismissal,2024-05-31,2017-03-06,2017-10-12,281/2017
31,5,2024,RRC,293,7,3,2017,5,4,2017,Closed,,,,Recommended for closure CTS,2024-05-31,2017-03-07,2017-04-05,293/2017
31,5,2024,RRC,280,3,3,2017,6,9,2017,Withdrawn,,,,Recommended for dismissal,2024-05-31,2017-03-03,2017-09-06,280/2017
31,5,2024,RRC,256,27,2,2017,14,6,2017,Closed,,,,Recommended for closure CTS,2024-05-31,2017-02-27,2017-06-14,256/2017
31,5,2024,RRC,255,28,2,2017,4,4,2017,Withdrawn,,,,Recommended for dismissal,2024-05-31,2017-02-28,2017-04-04,255/2017
31,5,2024,RRC,395,28,3,2017,13,2,2018,Closed,,,,Recommended for closure CTS,2024-05-31,2017-03-28,2018-02-13,395/2017
31,5,2024,RRC,332,20,3,2017,21,3,2017,Closed,,,,Recommended for closure CTS,2024-05-31,2017-03-20,2017-03-21,332/2017
31,5,2024,RRC,328,16,3,2017,3,5,2017,Closed,,,,Recommended for closure CTS,2024-05-31,2017-03-16,2017-05-03,328/2017
31,5,2024,RRC,323,14,3,2017,13,4,2017,Closed,,,,Recommended for closure CTS,2024-05-31,2017-03-14,2017-04-13,323/2017
31,5,2024,RRC,322,14,3,2017,29,5,2017,Closed,,,,Recommended for closure CTS,2024-05-31,2017-03-14,2017-05-29,322/2017
31,5,2024,RRC,203,13,9,2007,31,10,2007,Dismissed,,,,Recommended for closure CTS,2024-05-31,2007-09-13,2007-10-31,203/2007
31,5,2024,RRC,255,29,11,2007,14,3,2019,Dismissed,,,,Recommended for closure CTS,2024-05-31,2007-11-29,2019-03-14,255/2007
31,5,2024,RRC,1278,7,11,2016,28,3,2017,Closed,,,,Recommended for closure CTS,2024-05-31,2016-11-07,2017-03-28,1278/2016
31,5,2024,RRC,1273,2,11,2016,3,4,2017,Closed,,,,Recommended for closure CTS,2024-05-31,2016-11-02,2017-04-03,1273/2016
31,5,2024,RRC,1282,7,11,2016,28,3,2017,Closed,,,,Recommended for closure CTS,2024-05-31,2016-11-07,2017-03-28,1282/2016
31,5,2024,RRC,1286,7,11,2016,31,1,2017,Closed,,,,Recommended for closure CTS,2024-05-31,2016-11-07,2017-01-31,1286/2016
31,5,2024,RRC,1292,7,11,2016,2,5,2017,Closed,,,,Recommended for closure CTS,2024-05-31,2016-11-07,2017-05-02,1292/2016
31,5,2024,RRC,1311,11,11,2016,12,4,2018,Dismissed,,,,Recommended for closure CTS,2024-05-31,2016-11-11,2018-04-12,1311/2016
31,5,2024,RRC,1318,15,11,2016,21,2,2017,Closed,,,,Recommended for closure CTS,2024-05-31,2016-11-15,2017-02-21,1318/2016
31,5,2024,RRC,1320,15,11,2016,22,3,2017,Closed,,,,Recommended for closure CTS,2024-05-31,2016-11-15,2017-03-22,1320/2016
31,5,2024,RRC,1323,16,11,2016,10,1,2017,Closed,,,,Recommended for closure CTS,2024-05-31,2016-11-16,2017-01-10,1323/2016
31,5,2024,RRC,202,29,2,2016,29,2,2016,Closed,,,,Recommended for closure CTS,2024-05-31,2016-02-29,2016-02-29,202/2016
31,5,2024,RRC,318,24,3,2016,15,6,2016,Closed,,,,Recommended for closure CTS,2024-05-31,2016-03-24,2016-06-15,318/2016
31,5,2024,RRC,302,21,3,2016,30,11,2016,Closed,,,,Recommended for closure CTS,2024-05-31,2016-03-21,2016-11-30,302/2016
31,5,2024,RRC,187,23,2,2016,13,4,2017,Closed,,,,Recommended for closure CTS,2024-05-31,2016-02-23,2017-04-13,187/2016
31,5,2024,RRC,229,3,3,2016,14,9,2016,Closed,,,,Recommended for closure CTS,2024-05-31,2016-03-03,2016-09-14,229/2016
31,5,2024,RRC,256,14,4,2016,14,4,2016,Closed,,,,Recommended for closure CTS,2024-05-31,2016-04-14,2016-04-14,256/2016
31,5,2024,RRC,339,4,3,2016,14,4,2016,Closed,,,,Recommended for closure CTS,2024-05-31,2016-03-04,2016-04-14,339/2016
31,5,2024,RRC,284,16,3,2016,16,1,2018,Closed,,,,Recommended for closure CTS,2024-05-31,2016-03-16,2018-01-16,284/2016
31,5,2024,RRC,226,3,3,2016,22,9,2016,Closed,,,,Recommended for closure CTS,2024-05-31,2016-03-03,2016-09-22,226/2016
31,5,2024,RRC,264,11,3,2016,28,6,2017,Closed,,,,Recommended for closure CTS,2024-05-31,2016-03-11,2017-06-28,264/2016
31,5,2024,RRC,291,18,3,2016,22,9,2016,Dismissed,,,,Recommended for closure CTS,2024-05-31,2016-03-18,2016-09-22,291/2016
31,5,2024,RRC,1511,28,11,2018,19,6,2019,Closed,,,,Recommended for closure CTS,2024-05-31,2018-11-28,2019-06-19,1511/2018
31,5,2024,RRC,2415,26,11,2018,9,4,2019,Closed,,,,Recommended for closure CTS,2024-05-31,2018-11-26,2019-04-09,2415/2018
31,5,2024,RRC,2408,23,11,2018,9,10,2020,Closed,,,,Recommended for closure CTS,2024-05-31,2018-11-23,2020-10-09,2408/2018
31,5,2024,RRC,2124,26,9,2018,29,1,2019,Withdrawn,,,,Recommended for dismissal,2024-05-31,2018-09-26,2019-01-29,2124/2018
31,5,2024,RRC,2114,25,9,2018,20,3,2019,Closed,,,,Recommended for closure CTS,2024-05-31,2018-09-25,2019-03-20,2114/2018
31,5,2024,RRC,2122,26,9,2018,10,12,2018,Closed,,,,Recommended for closure CTS,2024-05-31,2018-09-26,2018-12-10,2122/2018
31,5,2024,RRC,2123,26,9,2018,29,1,2019,Closed,,,,Recommended for closure CTS,2024-05-31,2018-09-26,2019-01-29,2123/2018
31,5,2024,RRC,2091,20,9,2018,15,4,2019,Closed,,,,Recommended for closure CTS,2024-05-31,2018-09-20,2019-04-15,2091/2018
31,5,2024,RRC,2093,21,9,2018,20,6,2019,Closed,,,,Recommended for closure CTS,2024-05-31,2018-09-21,2019-06-20,2093/2018
31,5,2024,RRC,2100,24,9,2018,29,3,2019,Closed,,,,Recommended for closure CTS,2024-05-31,2018-09-24,2019-03-29,2100/2018
31,5,2024,RRC,1227,20,8,2020,1,9,2020,Closed,,,,Recommended for closure CTS,2024-05-31,2020-08-20,2020-09-01,1227/2020
31,5,2024,RRC,1479,7,10,2020,23,3,2021,Closed,,,,Recommended for closure CTS,2024-05-31,2020-10-07,2021-03-23,1479/2020
31,5,2024,RRC,1552,22,10,2020,25,11,2020,Withdrawn,,,,Recommended for dismissal,2024-05-31,2020-10-22,2020-11-25,1552/2020
31,5,2024,RRC,1416,24,9,2020,9,12,2020,Closed,,,,Recommended for closure CTS,2024-05-31,2020-09-24,2020-12-09,1416/2020
31,5,2024,RRC,1400,23,9,2020,12,11,2020,Closed,,,,Recommended for closure CTS,2024-05-31,2020-09-23,2020-11-12,1400/2020
31,5,2024,RRC,1429,28,9,2020,16,12,2020,Closed,,,,Recommended for closure CTS,2024-05-31,2020-09-28,2020-12-16,1429/2020
31,5,2024,RRC,1768,14,12,2020,16,9,2021,Closed,,,,Recommended for closure CTS,2024-05-31,2020-12-14,2021-09-16,1768/2020
31,5,2024,RRC,1737,4,12,2020,31,8,2021,Closed,,,,Recommended for closure CTS,2024-05-31,2020-12-04,2021-08-31,1737/2020
31,5,2024,RRC,1759,10,12,2020,23,6,2021,Dismissed,,,,Recommended for dismissal,2024-05-31,2020-12-10,2021-06-23,1759/2020
31,5,2024,RRC,1717,1,12,2020,16,8,2021,Closed,,,,Recommended for closure CTS,2024-05-31,2020-12-01,2021-08-16,1717/2020
31,5,2024,RRC,1679,19,11,2020,30,2,2020,Closed,,,,Recommended for closure CTS,2024-05-31,2020-11-19,,1679/2020
31,5,2024,RRC,1712,30,12,2020,25,1,2021,Closed,,,,Recommended for closure CTS,2024-05-31,2020-12-30,2021-01-25,1712/2020
31,5,2024,RRC,19,11,1,2019,26,2,2019,Dismissed,,,,Recommended for dismissal ,2024-05-31,2019-01-11,2019-02-26,19/2019
31,5,2024,RRC,180,4,2,2019,3,3,2020,Closed,,,,Recommended for closure CTS,2024-05-31,2019-02-04,2020-03-03,180/2019
31,5,2024,RRC,186,5,2,2019,11,4,2019,Closed,,,,Recommended for closure CTS,2024-05-31,2019-02-05,2019-04-11,186/2019
31,5,2024,RRC,187,5,2,2019,14,8,2019,Closed,,,,Recommended for closure CTS,2024-05-31,2019-02-05,2019-08-14,187/2019
31,5,2024,RRC,191,7,2,2019,29,4,2019,Closed,,,,Recommended for closure CTS,2024-05-31,2019-02-07,2019-04-29,191/2019
31,5,2024,RRC,192,5,2,2019,8,1,2020,Closed,,,,Recommended for closure CTS,2024-05-31,2019-02-05,2020-01-08,192/2019
31,5,2024,RRC,195,6,2,2019,18,6,2019,Closed,,,,Recommended for closure CTS,2024-05-31,2019-02-06,2019-06-18,195/2019
31,5,2024,RRC,284,19,2,2019,22,10,2019,Closed,,,,Recommended for closure CTS,2024-05-31,2019-02-19,2019-10-22,284/2019
31,5,2024,RRC,651,26,4,2019,30,4,2019,Closed,,,,Recommended for closure CTS,2024-05-31,2019-04-26,2019-04-30,651/2019
31,5,2024,RRC,1071,5,7,2019,19,11,2019,Closed,,,,Recommended for closure CTS,2024-05-31,2019-07-05,2019-11-19,1071/2019
31,5,2024,RRC,1029,11,10,2019,28,10,2019,Closed,,,,Recommended for closure CTS,2024-05-31,2019-10-11,2019-10-28,1029/2019
31,5,2024,RRC,1151,23,7,2019,16,10,2019,Closed,,,,Recommended for closure CTS,2024-05-31,2019-07-23,2019-10-16,1151/2019
31,5,2024,RRC,1152,23,7,2019,6,11,2019,Closed,,,,Recommended for closure CTS,2024-05-31,2019-07-23,2019-11-06,1152/2019
31,5,2024,RRC,1159,25,7,2019,22,1,2020,Adjourned,,,,Recommended for dismissal ,2024-05-31,2019-07-25,2020-01-22,1159/2019
31,5,2024,RRC,1881,14,11,2019,3,3,2020, ,,,,Recommended for dismissal ,2024-05-31,2019-11-14,2020-03-03,1881/2019
31,5,2024,RRC,1771,25,10,2019,26,2,2020,Adjourned,,,,Recommended for dismissal ,2024-05-31,2019-10-25,2020-02-26,1771/2019
31,5,2024,RRC,1668,4,10,2019,15,1,2020,Adjourned,,,,Recommended for dismissal ,2024-05-31,2019-10-04,2020-01-15,1668/2019
31,5,2024,RRC,1676,7,10,2019,22,1,2020,Closed,,,,Recommended for closure CTS,2024-05-31,2019-10-07,2020-01-22,1676/2019
31,5,2024,RRC,1692,11,10,2019,27,2,2020,Dismissed,,,,Closed,2024-05-31,2019-10-11,2020-02-27,1692/2019
31,5,2024,RRC,E140,24,5,2021,3,4,2022,Closed,,,,Recommended for closure CTS,2024-05-31,2021-05-24,2022-04-03,E140/2021
31,5,2024,RRC,E141,24,5,2021,2,6,2021,Closed,,,,Recommended for closure CTS,2024-05-31,2021-05-24,2021-06-02,E141/2021
31,5,2024,RRC,E156,25,5,2021,21,7,2021,Closed,,,,Recommended for closure CTS,2024-05-31,2021-05-25,2021-07-21,E156/2021
31,5,2024,RRC,E157,27,5,2021,6,9,2021,Closed,,,,Recommended for closure CTS,2024-05-31,2021-05-27,2021-09-06,E157/2021
31,5,2024,RRC,E343,19,7,2021,7,12,2021,Closed,,,,Closed,2024-05-31,2021-07-19,2021-12-07,E343/2021
31,5,2024,RRC,E347,22,7,2021,9,12,2021,Dismissed,,,,Closed,2024-05-31,2021-07-22,2021-12-09,E347/2021
31,5,2024,RRC,E305,6,7,2021,12,9,2022,Dismissed,,,,Closed,2024-05-31,2021-07-06,2022-09-12,E305/2021
31,5,2024,RRC,231,12,3,2021,24,8,2021,Closed,,,,Closed,2024-05-31,2021-03-12,2021-08-24,231/2021
31,5,2024,RRC,E299,5,7,2021,27,1,2022,Closed,,,,Closed,2024-05-31,2021-07-05,2022-01-27,E299/2021
31,5,2024,RRC,E270,26,6,2021,6,4,2022,Closed,,,,Closed,2024-05-31,2021-06-26,2022-04-06,E270/2021
31,5,2024,RRC,E210,6,3,2021,23,6,2021,Dismissed,,,,Closed,2024-05-31,2021-03-06,2021-06-23,E210/2021
31,5,2024,RRC,E180,2,6,2021,30,1,2024,Closed,,,,Closed,2024-05-31,2021-06-02,2024-01-30,E180/2021
31,5,2024,RRC,E367,28,7,2021,9,12,2021,Dismissed,,,,Closed,2024-05-31,2021-07-28,2021-12-09,E367/2021
31,5,2024,RRC,E366,28,7,2021,30,1,2024,Closed,,,,Closed,2024-05-31,2021-07-28,2024-01-30,E366/2021
31,5,2024,RRC,E682,26,10,2021,4,1,2022,Adjourned,,,,Recommended for dismissal,2024-05-31,2021-10-26,2022-01-04,E682/2021
31,5,2024,RRC,E858,14,12,2021,22,9,2022,Closed,,,,Recommended for closure CTS,2024-05-31,2021-12-14,2022-09-22,E858/2021
31,5,2024,RRC,E859,14,12,2021,31,8,2023,Closed,,,,Recommended for closure CTS,2024-05-31,2021-12-14,2023-08-31,E859/2021
31,5,2024,RRC,E871,16,12,2021,8,2,2022,Closed,,,,Recommended for closure CTS,2024-05-31,2021-12-16,2022-02-08,E871/2021
31,5,2024,RRC,E875,16,12,2021,25,7,2022,Closed,,,,Recommended for closure CTS,2024-05-31,2021-12-16,2022-07-25,E875/2021
31,5,2024,RRC,E879,17,12,2021,23,2,2022,Closed,,,,Recommended for closure CTS,2024-05-31,2021-12-17,2022-02-23,E879/2021
31,5,2024,RRC,E883,22,12,2021,7,4,2022,Closed,,,,Closed,2024-05-31,2021-12-22,2022-04-07,E883/2021
31,5,2024,RRC,E884,24,12,2021,25,4,2022,Closed,,,,Recommended for closure CTS,2024-05-31,2021-12-24,2022-04-25,E884/2021
31,5,2024,RRC,E886,3,1,2021,9,2,2022,Closed,,,,Recommended for closure CTS,2024-05-31,2021-01-03,2022-02-09,E886/2021
31,5,2024,RRC,E888,23,12,2021,20,4,2023,Closed,,,,Recommended for closure CTS,2024-05-31,2021-12-23,2023-04-20,E888/2021
31,5,2024,RRC,286,31,3,2021,3,11,2021,Closed,,,,Recommended for closure CTS,2024-05-31,2021-03-31,2021-11-03,286/2021
31,5,2024,RRC,E388,7,4,2022,26,4,2022,Closed,,,,Closed,2024-05-31,2022-04-07,2022-04-26,E388/2022
31,5,2024,RRC,E402,12,4,2022,26,9,2023,Closed,,,,Recommended for closure CTS,2024-05-31,2022-04-12,2023-09-26,E402/2022
31,5,2024,RRC,E406,12,4,2022,5,7,2022,Closed,,,,Recommended for closure CTS,2024-05-31,2022-04-12,2022-07-05,E406/2022
31,5,2024,RRC,E407,13,4,2022,25,5,2022,Closed,,,,Recommended for closure CTS,2024-05-31,2022-04-13,2022-05-25,E407/2022
31,5,2024,RRC,E421,14,4,2022,11,5,2023,Dismissed,,,,Closed,2024-05-31,2022-04-14,2023-05-11,E421/2022
31,5,2024,RRC,E530,20,5,2022,14,9,2022,Closed,,,,Recommended for closure CTS,2024-05-31,2022-05-20,2022-09-14,E530/2022
31,5,2024,RRC,E531,20,5,2022,14,9,2022,Closed,,,,Recommended for closure CTS,2024-05-31,2022-05-20,2022-09-14,E531/2022
31,5,2024,RRC,E535,23,5,2022,6,9,2023,Closed,,,,Recommended for closure CTS,2024-05-31,2022-05-23,2023-09-06,E535/2022
31,5,2024,RRC,E538,31,5,2022,31,8,2022,Closed,,,,Recommended for closure CTS,2024-05-31,2022-05-31,2022-08-31,E538/2022
31,5,2024,RRC,E546,27,5,2022,29,8,2022,Closed,,,,Closed,2024-05-31,2022-05-27,2022-08-29,E546/2022
31,5,2024,RRC,E549,25,5,2022,16,8,2022,Closed,,,,Recommended for closure CTS,2024-05-31,2022-05-25,2022-08-16,E549/2022
31,5,2024,RRC,E672,27,6,2022,15,12,2022,Dismissed,,,,Recommended for closure CTS,2024-05-31,2022-06-27,2022-12-15,E672/2022
31,5,2024,RRC,E759,26,7,2022,13,10,2022,Closed,,,,Closed,2024-05-31,2022-07-26,2022-10-13,E759/2022
31,5,2024,RRC,E763,19,7,2022,31,1,2023,Closed,,,,Recommended for closure CTS,2024-05-31,2022-07-19,2023-01-31,E763/2022
31,5,2024,RRC,E774,20,7,2022,12,10,2022,Closed,,,,Recommended for closure CTS,2024-05-31,2022-07-20,2022-10-12,E774/2022
31,5,2024,RRC,E775,22,7,2022,11,4,2023,Closed,,,,Closed,2024-05-31,2022-07-22,2023-04-11,E775/2022
31,5,2024,RRC,E776,21,7,2022,18,10,2022,Dismissed,,,,Closed,2024-05-31,2022-07-21,2022-10-18,E776/2022
31,5,2024,RRC,E778,21,7,2022,14,12,2022,Closed,,,,Recommended for closure CTS,2024-05-31,2022-07-21,2022-12-14,E778/2022
31,5,2024,RRC,E779,21,7,2022,11,10,2022,Closed,,,,Recommended for closure CTS,2024-05-31,2022-07-21,2022-10-11,E779/2022
31,5,2024,RRC,E780,21,7,2022,9,11,2022,Closed,,,,Recommended for closure CTS,2024-05-31,2022-07-21,2022-11-09,E780/2022
31,5,2024,RRC,E757,22,7,2022,31,8,2022,Closed,,,,Recommended for closure CTS,2024-05-31,2022-07-22,2022-08-31,E757/2022
31,5,2024,RRC,E788,22,7,2022,19,4,2023,Dismissed,,,,Closed,2024-05-31,2022-07-22,2023-04-19,E788/2022
31,5,2024,RRC,E795,25,7,2022,13,10,2022,Dismissed,,,,Closed,2024-05-31,2022-07-25,2022-10-13,E795/2022
31,5,2024,RRC,E796,25,7,2022,6,4,2023,Closed,,,,Recommended for closure CTS,2024-05-31,2022-07-25,2023-04-06,E796/2022
31,5,2024,RRC,E797,25,7,2022,12,10,2022,Dismissed,,,,Closed,2024-05-31,2022-07-25,2022-10-12,E797/2022
31,5,2024,RRC,E1098,13,10,2022,5,9,2023,Closed,,,,Recommended for closure CTS,2024-05-31,2022-10-13,2023-09-05,E1098/2022
31,5,2024,RRC,E1100,13,10,2022,16,8,2023,Closed,,,,Closed,2024-05-31,2022-10-13,2023-08-16,E1100/2022
31,5,2024,RRC,E1102,14,10,2022,21,10,2022,Closed,,,,Closed,2024-05-31,2022-10-14,2022-10-21,E1102/2022
31,5,2024,RRC,E1105,14,10,2022,2,5,2023,Closed,,,,Closed,2024-05-31,2022-10-14,2023-05-02,E1105/2022
31,5,2024,RRC,E1106,14,10,2022,8,3,2023,Closed,,,,Closed,2024-05-31,2022-10-14,2023-03-08,E1106/2022
31,5,2024,RRC,E1108,17,10,2022,11,4,2023,Dismissed,,,,Closed,2024-05-31,2022-10-17,2023-04-11,E1108/2022
31,5,2024,RRC,E1109,17,10,2022,18,10,2022,Closed,,,,Recommended for closure CTS,2024-05-31,2022-10-17,2022-10-18,E1109/2022
31,5,2024,RRC,E1111,19,10,2022,18,4,2023,Closed,,,,Recommended for closure CTS,2024-05-31,2022-10-19,2023-04-18,E1111/2022
31,5,2024,RRC,E1118,17,10,2022,4,10,2023,Dismissed,,,,Closed,2024-05-31,2022-10-17,2023-10-04,E1118/2022
31,5,2024,RRC,E1119,18,10,2022,26,1,2024,Closed,,,,Closed,2024-05-31,2022-10-18,2024-01-26,E1119/2022
31,5,2024,RRC,E1131,7,11,2022,6,11,2023,Dismissed,,,,Recommended for closure CTS,2024-05-31,2022-11-07,2023-11-06,E1131/2022
31,5,2024,RRC,E1128,19,10,2022,31,1,2023,Closed,,,,Recommended for closure CTS,2024-05-31,2022-10-19,2023-01-31,E1128/2022
31,5,2024,RRC,E1178,31,10,2022,18,4,2023,Dismissed,,,,Closed,2024-05-31,2022-10-31,2023-04-18,E1178/2022
31,5,2024,RRC,E1172,27,10,2022,28,3,2023,Dismissed,,,,Closed,2024-05-31,2022-10-27,2023-03-28,E1172/2022
31,5,2024,RRC,E1301,24,11,2022,18,10,2023,Closed,,,,Closed,2024-05-31,2022-11-24,2023-10-18,E1301/2022
31,5,2024,RRC,E1308,24,11,2022,5,6,2023,Closed,,,,Closed,2024-05-31,2022-11-24,2023-06-05,E1308/2022
31,5,2024,RRC,E1297,22,11,2022,22,3,2023,Closed,,,,Closed,2024-05-31,2022-11-22,2023-03-22,E1297/2022
31,5,2024,RRC,E1205,3,11,2022,2,3,2023,Closed,,,,Closed,2024-05-31,2022-11-03,2023-03-02,E1205/2022
31,5,2024,RRC,E1216,3,11,2022,17,4,2023,Closed,,,,Closed,2024-05-31,2022-11-03,2023-04-17,E1216/2022
31,5,2024,RRC,E1223,3,11,2022,31,8,2023,Closed,,,,Closed,2024-05-31,2022-11-03,2023-08-31,E1223/2022
31,5,2024,RRC,E1229,4,11,2022,13,3,2023,Closed,,,,Closed,2024-05-31,2022-11-04,2023-03-13,E1229/2022
31,5,2024,RRC,E1352,30,11,2022,8,4,2023,Closed,,,,Closed,2024-05-31,2022-11-30,2023-04-08,E1352/2022
31,5,2024,RRC,E1344,30,11,2022,7,6,2023,Closed,,,,Closed,2024-05-31,2022-11-30,2023-06-07,E1344/2022
31,5,2024,RRC,E1339,29,11,2022,23,3,2023,Closed,,,,Closed,2024-05-31,2022-11-29,2023-03-23,E1339/2022
31,5,2024,RRC,E1338,29,11,2022,14,12,2023,Closed,,,,Closed,2024-05-31,2022-11-29,2023-12-14,E1338/2022
31,5,2024,RRC,E1405,13,12,2022,25,10,2023,Closed,,,,Closed,2024-05-31,2022-12-13,2023-10-25,E1405/2022
31,5,2024,RRC,E1388,7,12,2022,23,1,2023,Closed,,,,Closed,2024-05-31,2022-12-07,2023-01-23,E1388/2022
31,5,2024,RRC,E1358,1,12,2022,10,5,2023,Closed,,,,Closed,2024-05-31,2022-12-01,2023-05-10,E1358/2022
31,5,2024,RRC,E1353,1,12,2022,24,4,2023,Closed,,,,Closed,2024-05-31,2022-12-01,2023-04-24,E1353/2022
31,5,2024,RRC,1227,20,8,2020,1,9,2020,Closed,,,,Recommended for closure CTS,2024-05-31,2020-08-20,2020-09-01,1227/2020
31,5,2024,RRC,1479,7,10,2020,23,3,2021,Closed,,,,Recommended for closure CTS,2024-05-31,2020-10-07,2021-03-23,1479/2020
31,5,2024,RRC,1552,22,10,2020,25,11,2020,Withdrawn,,,,Recommended for dismissal,2024-05-31,2020-10-22,2020-11-25,1552/2020
31,5,2024,RRC,1416,24,9,2020,9,12,2020,Closed,,,,Recommended for closure CTS,2024-05-31,2020-09-24,2020-12-09,1416/2020
31,5,2024,RRC,1400,23,9,2020,12,11,2020,Closed,,,,Recommended for closure CTS,2024-05-31,2020-09-23,2020-11-12,1400/2020
31,5,2024,RRC,1429,28,9,2020,16,12,2020,Closed,,,,Recommended for closure CTS,2024-05-31,2020-09-28,2020-12-16,1429/2020
31,5,2024,RRC,1768,14,12,2020,16,9,2021,Closed,,,,Recommended for closure CTS,2024-05-31,2020-12-14,2021-09-16,1768/2020
31,5,2024,RRC,1737,4,12,2020,31,8,2021,Closed,,,,Recommended for closure CTS,2024-05-31,2020-12-04,2021-08-31,1737/2020
31,5,2024,RRC,1759,10,12,2020,23,6,2021,Dismissed,,,,Recommended for dismissal,2024-05-31,2020-12-10,2021-06-23,1759/2020
31,5,2024,RRC,1717,1,12,2020,16,8,2021,Closed,,,,Recommended for closure CTS,2024-05-31,2020-12-01,2021-08-16,1717/2020
31,5,2024,RRC,1679,19,11,2020,30,2,2020,Closed,,,,Recommended for closure CTS,2024-05-31,2020-11-19,,1679/2020
31,5,2024,RRC,1712,30,12,2020,25,1,2021,Closed,,,,Recommended for closure CTS,2024-05-31,2020-12-30,2021-01-25,1712/2020
31,5,2024,RRC,963,6,7,2020,16,3,2021,Adjourned,,,,Recommended for dismissal,2024-05-31,2020-07-06,2021-03-16,963/2020
31,5,2024,RRC,1758,10,12,2020,23,3,2021,Adjourned,,,,Recommended for dismissal,2024-05-31,2020-12-10,2021-03-23,1758/2020
31,5,2024,RRC,1775,15,12,2020,24,3,2021,Adjourned,,,,Recommended for dismissal,2024-05-31,2020-12-15,2021-03-24,1775/2020
31,5,2024,RRC,E041,11,1,2023,10,5,2023,Dismissed,,,,Closed,2024-05-31,2023-01-11,2023-05-10,E041/2023
31,5,2024,RRC,E045,,,,12,1,2023,Parties to take date for interparties hg,,,,Recommended for dismissal,2024-05-31,,2023-01-12,E045/nan
31,5,2024,RRC,E047,10,1,2023,26,4,2023,Dismissed,,,,Closed,2024-05-31,2023-01-10,2023-04-26,E047/2023
31,5,2024,RRC,E059,16,1,2023,6,9,2023,Closed,,,,Recommended for closure CTS,2024-05-31,2023-01-16,2023-09-06,E059/2023
31,5,2024,RRC,E061,16,1,2023,31,5,2023,Dismissed,,,,Closed,2024-05-31,2023-01-16,2023-05-31,E061/2023
31,5,2024,RRC,E062,17,1,2023,17,1,2023,Plaintiff to take mention date at the registry,,,,Needs next date,2024-05-31,2023-01-17,2023-01-17,E062/2023
31,5,2024,RRC,E067,18,1,2023,8,1,2023,Closed,,,,Recommended for closure CTS,2024-05-31,2023-01-18,2023-01-08,E067/2023
31,5,2024,RRC,E070,18,1,2023,4,5,2023,Dismissed,,,,Closed,2024-05-31,2023-01-18,2023-05-04,E070/2023
31,5,2024,RRC,E074,19,1,2023,22,6,2023,Matter stayed for warrant of execution,,,,Recommended for dismissal,2024-05-31,2023-01-19,2023-06-22,E074/2023
31,5,2024,RRC,E076,20,1,2023,13,12,2023,Defendant granted leave to lay distress,,,,Needs next date,2024-05-31,2023-01-20,2023-12-13,E076/2023
31,5,2024,RRC,E061,16,1,2023,31,5,2023,Dismissed,,,,Recommended for closure CTS,2024-05-31,2023-01-16,2023-05-31,E061/2023
31,5,2024,RRC,E092,23,1,2023,7,3,2023,Respondent to be served electronically,,,,Needs next date,2024-05-31,2023-01-23,2023-03-07,E092/2023
31,5,2024,RRC,E072,19,1,2023,4,5,2023,Closed,,,,Closed,2024-05-31,2023-01-19,2023-05-04,E072/2023
31,5,2024,RRC,E082,20,1,2023,21,2,2023,Withdrawn,,,,Recommended for closure CTS,2024-05-31,2023-01-20,2023-02-21,E082/2023
31,5,2024,RRC,E104,25,1,2023,6,4,2023,Closed,,,,Closed,2024-05-31,2023-01-25,2023-04-06,E104/2023
31,5,2024,RRC,E093,16,6,2023,3,10,2023,Decreed(Consolidated with E845 OF 2023,,,,Needs next date,2024-05-31,2023-06-16,2023-10-03,E093/2023
31,5,2024,RRC,E089,3,2,2023,13,3,2023,Recover outstanding arrears and obtain vacant posesssion ,,,,Needs next date,2024-05-31,2023-02-03,2023-03-13,E089/2023
31,5,2024,RRC,E094,24,1,2023,23,5,2023,The plaintiff to apply for execution of warrant,,,,Needs next date,2024-05-31,2023-01-24,2023-05-23,E094/2023
31,5,2024,RRC,E087,23,1,2023,7,3,2023,Closed,,,,Closed,2024-05-31,2023-01-23,2023-03-07,E087/2023
31,5,2024,RRC,E214,9,2,2023,23,5,2023,Closed,,,,Closed,2024-05-31,2023-02-09,2023-05-23,E214/2023
31,5,2024,RRC,E216,9,2,2023,27,4,2023,Closed,,,,Closed,2024-05-31,2023-02-09,2023-04-27,E216/2023
31,5,2024,RRC,E225,10,2,2023,25,10,2023,Closed,,,,Closed,2024-05-31,2023-02-10,2023-10-25,E225/2023
31,5,2024,RRC,E218,9,2,2023,27,7,2023,Dismissed,,,,Closed,2024-05-31,2023-02-09,2023-07-27,E218/2023
31,5,2024,RRC,E227,10,2,2023,27,2,2023,Pending,,,,Needs next date,2024-05-31,2023-02-10,2023-02-27,E227/2023
31,5,2024,RRC,E228,10,2,2023,17,10,2023,Dismissed,,,,Closed,2024-05-31,2023-02-10,2023-10-17,E228/2023
31,5,2024,RRC,E230,10,2,2023,30,5,2023,Dismissed,,,,Closed,2024-05-31,2023-02-10,2023-05-30,E230/2023
31,5,2024,RRC,E223,13,2,2023,4,7,2023,Pending,,,,Needs next date,2024-05-31,2023-02-13,2023-07-04,E223/2023
31,5,2024,RRC,E232,10,2,2023,27,6,2023,Closed,,,,Closed,2024-05-31,2023-02-10,2023-06-27,E232/2023
31,5,2024,RRC,E134,30,1,2023,9,2,2023,Mention after 60 days for further orders (Pending),,,,Needs next date,2024-05-31,2023-01-30,2023-02-09,E134/2023
31,5,2024,RRC,E133,30,1,2023,22,5,2023,Dismissed,,,,Closed,2024-05-31,2023-01-30,2023-05-22,E133/2023
31,5,2024,RRC,E135,30,1,2023,16,5,2023,Withdrawn,,,,Closed,2024-05-31,2023-01-30,2023-05-16,E135/2023
31,5,2024,RRC,E137,30,1,2023,1,3,2023,Pending,,,,Needs next date,2024-05-31,2023-01-30,2023-03-01,E137/2023
31,5,2024,RRC,E138,1,2,2023,14,8,2023,Closed,,,,Closed,2024-05-31,2023-02-01,2023-08-14,E138/2023
31,5,2024,RRC,E016,9,5,2023,27,7,2023,Plaintiff to take mention date at the registry,,,,Needs next date,2024-05-31,2023-05-09,2023-07-27,E016/2023
31,5,2024,RRC,E257,15,2,2023,27,4,2023,OCS Kiserian Police station to ensure complainace as in Order of 27/4/2023 ,,,,Needs next date,2024-05-31,2023-02-15,2023-04-27,E257/2023
31,5,2024,RRC,E271,16,2,2023,20,2,2023,Withdrawn,,,,Recommended for closure CTS,2024-05-31,2023-02-16,2023-02-20,E271/2023
31,5,2024,RRC,E263,21,2,2023,23,2,2023,Pending,,,,Needs next date,2024-05-31,2023-02-21,2023-02-23,E263/2023
31,5,2024,RRC,E276,17,2,2023,20,2,2023,Closed,,,,Recommended for closure CTS,2024-05-31,2023-02-17,2023-02-20,E276/2023
31,5,2024,RRC,E260,15,2,2023,2,3,2023,Dormant,,,,Needs next date,2024-05-31,2023-02-15,2023-03-02,E260/2023
31,5,2024,RRC,E303,22,2,2023,28,9,2023,Pending,,,,Needs next date,2024-05-31,2023-02-22,2023-09-28,E303/2023
31,5,2024,RRC,E307,23,2,2023,28,5,2023,Pending(Dormant),,,,Needs next date,2024-05-31,2023-02-23,2023-05-28,E307/2023
31,5,2024,RRC,E304,22,2,2023,24,7,2023,Pending(Dormant),,,,Needs next date,2024-05-31,2023-02-22,2023-07-24,E304/2023
31,5,2024,RRC,E1726,20,11,2023,14,2,2024,Dismissed,,,,Closed,2024-05-31,2023-11-20,2024-02-14,E1726/2023
31,5,2024,RRC,E1727,20,10,2023,14,2,2024,Dismissed,,,,Closed,2024-05-31,2023-10-20,2024-02-14,E1727/2023
31,5,2024,RRC,E1755,23,11,2023,3,1,2024,Closed,,,,Recommended for closure CTS,2024-05-31,2023-11-23,2024-01-03,E1755/2023
31,5,2024,RRC,E1409,20,9,2023,12,2,2024,Closed,,,,Recommended for closure CTS,2024-05-31,2023-09-20,2024-02-12,E1409/2023
31,5,2024,RRC,E1411,14,9,2023,30,1,2024,Closed,,,,Recommended for closure CTS,2024-05-31,2023-09-14,2024-01-30,E1411/2023
31,5,2024,RRC,E1421,21,9,2023,22,11,2023,Closed,,,,Recommended for closure CTS,2024-05-31,2023-09-21,2023-11-22,E1421/2023
31,5,2024,RRC,E1422,21,9,2023,27,2,2024,Closed,,,,Recommended for closure CTS,2024-05-31,2023-09-21,2024-02-27,E1422/2023
31,5,2024,RRC,E1423,22,9,2023,28,2,2023,Closed,,,,Recommended for closure CTS,2024-05-31,2023-09-22,2023-02-28,E1423/2023
31,5,2024,RRC,E1425,22,9,2023,25,1,2024,Closed,,,,Recommended for closure CTS,2024-05-31,2023-09-22,2024-01-25,E1425/2023
31,5,2024,RRC,E1426,22,9,2023,7,2,2024,Closed,,,,Recommended for closure CTS,2024-05-31,2023-09-22,2024-02-07,E1426/2023
31,5,2024,RRC,E367,3,3,2023,8,6,2023,Closed,,,,Closed,2024-05-31,2023-03-03,2023-06-08,E367/2023
31,5,2024,RRC,E374,6,3,2023,7,3,2023,Closed,,,,Recommended for closure CTS,2024-05-31,2023-03-06,2023-03-07,E374/2023
31,5,2024,RRC,E389,7,3,2023,24,7,2024,Closed,,,,Closed,2024-05-31,2023-03-07,2024-07-24,E389/2023
31,5,2024,RRC,E475,30,6,2023,25,3,2024,Closed,,,,Closed,2024-05-31,2023-06-30,2024-03-25,E475/2023
31,5,2024,RRC,E810,31,5,2023,13,2,2024,Closed,,,,Closed,2024-05-31,2023-05-31,2024-02-13,E810/2023
31,5,2024,RRC,E820,2,6,2023,21,3,2024,Closed,,,,Closed,2024-05-31,2023-06-02,2024-03-21,E820/2023
31,5,2024,RRC,E824,20,11,2023,15,2,2023,Closed,,,,Closed,2024-05-31,2023-11-20,2023-02-15,E824/2023
31,5,2024,RRC,E828,2,6,2023,13,2,2023,Closed,,,,Closed,2024-05-31,2023-06-02,2023-02-13,E828/2023
31,5,2024,RRC,E1021,4,7,2023,25,1,2024,Closed,,,,Closed,2024-05-31,2023-07-04,2024-01-25,E1021/2023
31,5,2024,RRC,E1067,13,7,2023,13,2,2024,Closed,,,,Closed,2024-05-31,2023-07-13,2024-02-13,E1067/2023
31,5,2024,RRC,E1073,13,7,2023,15,2,2024,Closed,,,,Closed,2024-05-31,2023-07-13,2024-02-15,E1073/2023
31,5,2024,RRC,E1326,4,9,2023,6,2,2024,Closed,,,,Closed,2024-05-31,2023-09-04,2024-02-06,E1326/2023
31,5,2024,RRC,E1327,4,9,2023,8,2,2024,Closed,,,,Closed,2024-05-31,2023-09-04,2024-02-08,E1327/2023
31,5,2024,RRC,E1334,5,9,2023,7,2,2024,Closed,,,,Closed,2024-05-31,2023-09-05,2024-02-07,E1334/2023
31,5,2024,RRC,E1337,6,9,2023,29,1,2024,Closed,,,,Closed,2024-05-31,2023-09-06,2024-01-29,E1337/2023
31,5,2024,RRC,E1339,6,9,2023,27,2,2024,Closed,,,,Closed,2024-05-31,2023-09-06,2024-02-27,E1339/2023
31,5,2024,RRC,E1335,5,9,2023,5,4,2024,Closed,,,,Closed,2024-05-31,2023-09-05,2024-04-05,E1335/2023
31,5,2024,RRC,E1375,13,9,2023,22,2,2024,Closed,,,,Closed,2024-05-31,2023-09-13,2024-02-22,E1375/2023
31,5,2024,RRC,E1385,14,9,2023,25,3,2024,Closed,,,,Closed,2024-05-31,2023-09-14,2024-03-25,E1385/2023
31,5,2024,RRC,E1388,14,9,2023,6,2,2024,Closed,,,, Recommended for closure CTS,2024-05-31,2023-09-14,2024-02-06,E1388/2023
31,5,2024,RRC,E1612,31,10,2023,7,2,2024,Closed,,,,Closed,2024-05-31,2023-10-31,2024-02-07,E1612/2023
31,5,2024,RRC,E1616,31,10,2023,30,1,2024,Closed,,,,Closed,2024-05-31,2023-10-31,2024-01-30,E1616/2023
31,5,2024,RRC,E1633,2,11,2023,7,2,2024,Closed,,,,Recommended for closure CTS,2024-05-31,2023-11-02,2024-02-07,E1633/2023
31,5,2024,RRC,E1640,3,11,2023,7,2,2024,Closed,,,,Recommended for closure CTS,2024-05-31,2023-11-03,2024-02-07,E1640/2023
31,5,2024,RRC,E1599,27,10,2023,8,4,2024,Closed,,,,Closed,2024-05-31,2023-10-27,2024-04-08,E1599/2023
31,5,2024,RRC,E1601,31,10,2023,25,1,2024,Closed,,,,Closed,2024-05-31,2023-10-31,2024-01-25,E1601/2023
31,5,2024,RRC,E1603,30,10,2023,8,4,2024,Closed,,,,Recommended for closure CTS,2024-05-31,2023-10-30,2024-04-08,E1603/2023
31,5,2024,RRC,E1758,24,11,2023,15,2,2024,Closed,,,,Closed,2024-05-31,2023-11-24,2024-02-15,E1758/2023
31,5,2024,RRC,E1769,27,11,2023,27,2,2024,Dismissed,,,,Closed,2024-05-31,2023-11-27,2024-02-27,E1769/2023
31,5,2024,RRC,E1773,28,11,2023,15,5,2024,Dismissed,,,,Closed,2024-05-31,2023-11-28,2024-05-15,E1773/2023
31,5,2024,RRC,E1774,28,11,2023,27,2,2024,Closed,,,,Closed,2024-05-31,2023-11-28,2024-02-27,E1774/2023
31,5,2024,RRC,E1779,28,11,2023,7,2,2024,Closed,,,,Closed,2024-05-31,2023-11-28,2024-02-07,E1779/2023
31,5,2024,RRC,E1781,28,11,2023,27,2,2024,Closed,,,,Recommended for closure CTS,2024-05-31,2023-11-28,2024-02-27,E1781/2023
31,5,2024,RRC,E1798,30,11,2023,14,5,2024,Closed,,,,Recommended for closure CTS,2024-05-31,2023-11-30,2024-05-14,E1798/2023
31,5,2024,RRC,E1803,30,11,2023,3,4,2024,Closed,,,,Recommended for closure CTS,2024-05-31,2023-11-30,2024-04-03,E1803/2023
31,5,2024,RRC,E004,3,1,2023,6,9,2023,Closed,,,,Recommended for closure CTS ,2024-05-31,2023-01-03,2023-09-06,E004/2023
31,5,2024,RRC,E005,4,1,2023,4,6,2023,Closed,,,,Recommended for closure CTS ,2024-05-31,2023-01-04,2023-06-04,E005/2023
31,5,2024,RRC,E006,4,1,2023,7,11,2023,Closed,,,,Recommended for closure CTS ,2024-05-31,2023-01-04,2023-11-07,E006/2023
31,5,2024,RRC,E007,1,1,2023,9,5,2023,Closed,,,,Recommended for closure CTS ,2024-05-31,2023-01-01,2023-05-09,E007/2023
31,5,2024,RRC,E008,4,1,2023,3,10,2023,Closed,,,,Recommended for closure CTS ,2024-05-31,2023-01-04,2023-10-03,E008/2023
31,5,2024,RRC,E015,5,1,2023,15,2,2024,Closed,,,,Recommended for closure CTS,2024-05-31,2023-01-05,2024-02-15,E015/2023
31,5,2024,RRC,E021,9,1,2023,23,3,2023,Closed,,,,Recommended for closure CTS,2024-05-31,2023-01-09,2023-03-23,E021/2023
31,5,2024,RRC,E032,10,1,2023,26,4,2023,Dismissed,,,,Recommended for dismissal,2024-05-31,2023-01-10,2023-04-26,E032/2023
31,5,2024,RRC,E034,11,1,2023,11,5,2023,Dismissed,,,,Recommended for closure CTS ,2024-05-31,2023-01-11,2023-05-11,E034/2023
31,5,2024,RRC,E097,23,1,2023,7,8,2023,Closed,,,,Recommended for closure CTS,2024-05-31,2023-01-23,2023-08-07,E097/2023
31,5,2024,RRC,E098,24,1,2023,14,3,2023,Closed,,,,Recommended for closure CTS,2024-05-31,2023-01-24,2023-03-14,E098/2023
31,5,2024,RRC,E100,23,1,2023,7,11,2023,Closed,,,,Recommended for closure CTS ,2024-05-31,2023-01-23,2023-11-07,E100/2023
31,5,2024,RRC,E144,31,1,2023,7,11,2023,Dismissed ,,,,Recommended for closure CTS,2024-05-31,2023-01-31,2023-11-07,E144/2023
31,5,2024,RRC,E145,31,1,2023,9,3,2023,Closed,,,,Recommended for closure CTS,2024-05-31,2023-01-31,2023-03-09,E145/2023
31,5,2024,RRC,E148,31,2,2023,17,5,2023,Dismissed ,,,,Recommended for closure CTS,2024-05-31,,2023-05-17,E148/2023
31,5,2024,RRC,E150,1,2,2023,16,5,2023,Dismissed ,,,,Recommended for closure CTS,2024-05-31,2023-02-01,2023-05-16,E150/2023
31,5,2024,RRC,E151,1,2,2023,23,5,2023,Closed,,,,Recommended for closure CTS,2024-05-31,2023-02-01,2023-05-23,E151/2023
31,5,2024,RRC,E152,1,2,2023,28,7,2023,Closed,,,,Recommended for closure CTS,2024-05-31,2023-02-01,2023-07-28,E152/2023
31,5,2024,RRC,E154,2,2,2023,17,5,2023,Dismissed ,,,,Recommended for closure CTS,2024-05-31,2023-02-02,2023-05-17,E154/2023
31,5,2024,RRC,E155,2,2,2023,29,6,2023,Closed,,,,Recommended for closure CTS,2024-05-31,2023-02-02,2023-06-29,E155/2023
31,5,2024,RRC,E156,2,2,2023,3,2,2023,Closed,,,,Recommended for closure CTS,2024-05-31,2023-02-02,2023-02-03,E156/2023
31,5,2024,RRC,E157,2,2,2023,7,9,2023,Dismissed ,,,,Recommended for closure CTS,2024-05-31,2023-02-02,2023-09-07,E157/2023
31,5,2024,RRC,E428,13,3,2023,15,6,2023,Closed,,,,Recommended for closure CTS,2024-05-31,2023-03-13,2023-06-15,E428/2023
31,5,2024,RRC,E454,16,3,2023,13,4,2023,Closed,,,,Recommended for closure CTS,2024-05-31,2023-03-16,2023-04-13,E454/2023
31,5,2024,RRC,E514,10,7,2023,2,8,2023,Closed,,,,Recommended for closure CTS,2024-05-31,2023-07-10,2023-08-02,E514/2023
31,5,2024,RRC,E529,31,3,2023,,,2023,Closed,,,,Recommended for closure CTS,2024-05-31,2023-03-31,,E529/2023
31,5,2024,RRC,E533,31,3,2023,6,4,2023,Dormant,,,,Recommended for dismissal,2024-05-31,2023-03-31,2023-04-06,E533/2023
31,5,2024,RRC,E534,31,5,2023,22,6,2023,Closed,,,,Recommended for closure CTS,2024-05-31,2023-05-31,2023-06-22,E534/2023
31,5,2024,RRC,E535,9,3,2023,22,5,2023,Closed,,,,Recommended for closure CTS,2024-05-31,2023-03-09,2023-05-22,E535/2023
31,5,2024,RRC,E543,4,4,2023,25,5,2023,Closed,,,,Recommended for closure CTS,2024-05-31,2023-04-04,2023-05-25,E543/2023
31,5,2024,RRC,E544,4,4,2023,2,11,2023,Closed,,,,Recommended for closure CTS,2024-05-31,2023-04-04,2023-11-02,E544/2023
31,5,2024,RRC,E876,13,6,2023,22,8,2023,Closed,,,,Closed,2024-05-31,2023-06-13,2023-08-22,E876/2023
31,5,2024,RRC,E881,14,6,2023,7,11,2023,Closed,,,,Closed,2024-05-31,2023-06-14,2023-11-07,E881/2023
31,5,2024,RRC,E906,16,6,2023,2,4,2024,Closed,,,,Recommended for closure CTS,2024-05-31,2023-06-16,2024-04-02,E906/2023
31,5,2024,RRC,E908,16,6,2023,31,1,2024,Closed,,,,Closed,2024-05-31,2023-06-16,2024-01-31,E908/2023
31,5,2024,RRC,E761,25,5,2023,16,5,2024,Closed,,,,Closed,2024-05-31,2023-05-25,2024-05-16,E761/2023
31,5,2024,RRC,E769,25,5,2023,21,3,2024,Dismissed ,,,,Closed,2024-05-31,2023-05-25,2024-03-21,E769/2023
31,5,2024,RRC,E677,4,5,2023,17,8,2023,,,,,Closed,2024-05-31,2023-05-04,2023-08-17,E677/2023
31,5,2024,RRC,E1099,18,7,2023,1,2,2023,Closed,,,,Closed,2024-05-31,2023-07-18,2023-02-01,E1099/2023
31,5,2024,RRC,E1105,21,7,2023,24,1,2024,Dismissed ,,,,Closed,2024-05-31,2023-07-21,2024-01-24,E1105/2023
31,5,2024,RRC,E1115,25,7,2023,26,1,2024,Withdrawn,,,,Closed,2024-05-31,2023-07-25,2024-01-26,E1115/2023
31,5,2024,RRC,E1135,27,7,2023,11,10,2023,Closed,,,,Closed,2024-05-31,2023-07-27,2023-10-11,E1135/2023
31,5,2024,RRC,E1191,29,8,2023,2,10,2023,Closed,,,,Closed,2024-05-31,2023-08-29,2023-10-02,E1191/2023
31,5,2024,RRC,E1294,29,8,2023,30,4,2023,Closed,,,,Recommended for closure CTS,2024-05-31,2023-08-29,2023-04-30,E1294/2023
31,5,2024,RRC,E1296,29,8,2023,29,1,2024,Closed,,,,Closed,2024-05-31,2023-08-29,2024-01-29,E1296/2023
31,5,2024,RRC,E1298,30,8,2023,31,1,2024,Dismissed ,,,,Closed,2024-05-31,2023-08-30,2024-01-31,E1298/2023
31,5,2024,RRC,E1197,7,8,2023,23,1,2024,Closed,,,,Recommended for closure CTS,2024-05-31,2023-08-07,2024-01-23,E1197/2023
31,5,2024,RRC,E1193,4,8,2023,31,10,2023,Closed,,,,Closed,2024-05-31,2023-08-04,2023-10-31,E1193/2023
31,5,2024,RRC,E1194,4,8,2023,14,12,2023,Closed,,,,Closed,2024-05-31,2023-08-04,2023-12-14,E1194/2023
31,5,2024,RRC,E1200,8,8,2023,5,12,2023,Closed,,,,Closed,2024-05-31,2023-08-08,2023-12-05,E1200/2023
31,5,2024,RRC,E1201,8,8,2023,27,2,2024,Dismissed ,,,,Closed,2024-05-31,2023-08-08,2024-02-27,E1201/2023
31,5,2024,RRC,E1202,8,8,2023,7,2,2024,Closed,,,,Closed,2024-05-31,2023-08-08,2024-02-07,E1202/2023
31,5,2024,RRC,E1211,10,8,2023,4,10,2023,Closed,,,,Recommended for closure CTS,2024-05-31,2023-08-10,2023-10-04,E1211/2023
31,5,2024,RRC,E1311,4,9,2023,28,2,2024,Dismissed ,,,,Closed,2024-05-31,2023-09-04,2024-02-28,E1311/2023
31,5,2024,RRC,E1238,16,8,2023,31,1,2024,Closed,,,,Recommended for closure CTS,2024-05-31,2023-08-16,2024-01-31,E1238/2023
31,5,2024,RRC,E502,7,9,2021,6,12,2023,Matter stayed,,,,Recommended for dismissal,2024-05-31,2021-09-07,2023-12-06,E502/2021
31,5,2024,RRC,E467,17,3,2020,29,7,2020,Closed,,,,Closed,2024-05-31,2020-03-17,2020-07-29,E467/2020
31,5,2024,RRC,E487,31,8,2021,9,6,2022,To be served by a process  server,,,,Recommended for dismissal,2024-05-31,2021-08-31,2022-06-09,E487/2021
31,5,2024,RRC,E556,20,9,2021,13,10,2021,Application to be served as it seeks final orders as to vacant possesion- Recommend for closure,,,,Recommended for dismissal,2024-05-31,2021-09-20,2021-10-13,E556/2021
31,5,2024,RRC,E558,20,9,2021,21,9,2021,Application to be served as it seeks final orders as to vacant possesion- Recommend for closure,,,,Recommended for dismissal,2024-05-31,2021-09-20,2021-09-21,E558/2021
31,5,2024,RRC,E560,21,9,2021,25,10,2021,Defendant to be servered afresh,,,,Recommended for dismissal,2024-05-31,2021-09-21,2021-10-25,E560/2021
31,5,2024,RRC,E561,21,9,2021,25,10,2021,Tenant to continue paying- Allowed peaceful occupation,,,,Recommended for dismissal,2024-05-31,2021-09-21,2021-10-25,E561/2021
31,5,2024,RRC,E563,21,9,2021,2,2,2022,Closed,,,,Closed,2024-05-31,2021-09-21,2022-02-02,E563/2021
31,5,2024,RRC,E545,15,9,2021,23,11,2021,Application allowed,,,,Recommended for dismissal,2024-05-31,2021-09-15,2021-11-23,E545/2021
31,5,2024,RRC,E415,15,9,2021,16,9,2021,Hearing date to be taken,,,,Recommended for dismissal,2024-05-31,2021-09-15,2021-09-16,E415/2021
31,5,2024,RRC,E418,11,8,2021,27,10,2021,Application dimissed with costs,,,,Recommended for dismissal,2024-05-31,2021-08-11,2021-10-27,E418/2021
31,5,2024,RRC,E423,12,8,2021,4,1,2022,Defendant to be servered afresh,,,,Recommended for dismissal,2024-05-31,2021-08-12,2022-01-04,E423/2021
31,5,2024,RRC,E433,20,8,2021,26,4,2022,Tenant to continue paying- Allowed peaceful occupation,,,,Recommended for dismissal,2024-05-31,2021-08-20,2022-04-26,E433/2021
31,5,2024,RRC,75,27,1,2021,24,8,2021,Tenant to continue paying- Allowed peaceful occupation,,,,Recommended for dismissal,2024-05-31,2021-01-27,2021-08-24,75/2021
31,5,2024,RRC,76,27,1,2021,29,6,2023,Tenant to pay rent through the Tribunal,,,,Recommended for dismissal,2024-05-31,2021-01-27,2023-06-29,76/2021
31,5,2024,RRC,80,28,1,2021,25,2,2022,Closed,,,,Closed,2024-05-31,2021-01-28,2022-02-25,80/2021
31,5,2024,RRC,88,1,2,2021,4,10,2023,Closed,,,,Closed,2024-05-31,2021-02-01,2023-10-04,88/2021
31,5,2024,RRC,35,14,1,2021,,,2021,Closed,,,,Closed,2024-05-31,2021-01-14,,35/2021
31,5,2024,RRC,56,20,1,2021,7,4,2021,Closed,,,,Closed,2024-05-31,2021-01-20,2021-04-07,56/2021
31,5,2024,RRC,65,22,1,2021,22,6,2021,Defandant granted leave to leavy distress,,,,Recommended for dismissal,2024-05-31,2021-01-22,2021-06-22,65/2021
31,5,2024,RRC,217,9,3,2021,24,6,2021,Closed,,,,Recommended for closure CTS,2024-05-31,2021-03-09,2021-06-24,217/2021
31,5,2024,RRC,1430,21,11,2017,20,8,2018,Levy to distress,,,,Recommended for dismissal,2024-05-31,2017-11-21,2018-08-20,1430/2017
31,5,2024,RRC,1333A,30,10,2017,28,2,2018,Finalized,,,,To be registred on CTS and Closed,2024-05-31,2017-10-30,2018-02-28,1333A/2017
31,5,2024,RRC,1527B,18,12,2017,28,5,2018,Finalized,,,,To be registred on CTS and Closed,2024-05-31,2017-12-18,2018-05-28,1527B/2017
31,5,2024,RRC,1498,8,12,2017,27,6,2018,Finalized,,,,To be registred on CTS and Closed,2024-05-31,2017-12-08,2018-06-27,1498/2017
31,5,2024,RRC,1552,18,12,2017,11,1,2018,Levy distress,,,,To be registred on CTS and Closed,2024-05-31,2017-12-18,2018-01-11,1552/2017
31,5,2024,RRC,1530,18,12,2017,27,3,2018,Finalized,,,,To be registred on CTS and Closed,2024-05-31,2017-12-18,2018-03-27,1530/2017
31,5,2024,RRC,1515,13,12,2017,28,3,2018,Finalized,,,,To be registred on CTS and Closed,2024-05-31,2017-12-13,2018-03-28,1515/2017
31,5,2024,RRC,1546,2,1,2018,18,1,2018,Finalized,,,,To be registred on CTS and Closed,2024-05-31,2018-01-02,2018-01-18,1546/2018
31,5,2024,RRC,1352,13,12,2017,12,9,2018,Closed,,,,Closed,2024-05-31,2017-12-13,2018-09-12,1352/2017
31,5,2024,RRC,1540,22,12,2017,27,3,2018,Finalized,,,,To be registred on CTS and Closed,2024-05-31,2017-12-22,2018-03-27,1540/2017
31,5,2024,RRC,1507,11,12,2017,9,1,2018,Finalised,,,,To be registred on CTS and Closed,2024-05-31,2017-12-11,2018-01-09,1507/2017
31,5,2024,RRC,1329,30,10,2017,12,4,2018,Closed,,,,Closed,2024-05-31,2017-10-30,2018-04-12,1329/2017
31,5,2024,RRC,679,17,5,2017,5,10,2017,Finalized,,,,To be registred on CTS and Closed,2024-05-31,2017-05-17,2017-10-05,679/2017
31,5,2024,RRC,683,18,5,2017,13,9,2017,Finalized,,,,To be registred on CTS and Closed,2024-05-31,2017-05-18,2017-09-13,683/2017
31,5,2024,RRC,E003,2,1,2024,3,4,2024,Closed,,,,Closed,2024-05-31,2024-01-02,2024-04-03,E003/2024
31,5,2024,RRC,E004,19,1,2024,22,1,2024,Withdrawn,,,,Recommended for closure CTS,2024-05-31,2024-01-19,2024-01-22,E004/2024
31,5,2024,RRC,E232,5,2,2024,2,4,2024,Closed,,,,Recommended for closure CTS,2024-05-31,2024-02-05,2024-04-02,E232/2024
31,5,2024,RRC,1490,21,12,2016,17,1,2017,Closed,,,,Recommended for closure CTS,2024-05-31,2016-12-21,2017-01-17,1490/2016
31,5,2024,RRC,259,9,3,2016,10,3,2016,Closed,,,,Recommended for closure CTS,2024-05-31,2016-03-09,2016-03-10,259/2016
31,5,2024,RRC,1029,14,9,2016,21,11,2016,Closed,,,,Recommended for closure CTS,2024-05-31,2016-09-14,2016-11-21,1029/2016
31,5,2024,RRC,1039,15,9,2016,17,10,2016,Closed,,,,Recommended for closure CTS,2024-05-31,2016-09-15,2016-10-17,1039/2016
31,5,2024,RRC,918,19,8,2016,5,9,2016,Closed,,,,Recommended for closure CTS,2024-05-31,2016-08-19,2016-09-05,918/2016
31,5,2024,RRC,966,30,8,2016,31,8,2016,Closed,,,,Recommended for closure CTS,2024-05-31,2016-08-30,2016-08-31,966/2016
31,5,2024,RRC,973,1,9,2016,19,10,2016,Closed,,,,Recommended for closure CTS,2024-05-31,2016-09-01,2016-10-19,973/2016
31,5,2024,RRC,1478,20,8,2016,16,5,2017,Closed,,,,Recommended for closure CTS,2024-05-31,2016-08-20,2017-05-16,1478/2016
31,5,2024,RRC,343,6,4,2016,17,1,2017,Closed,,,,Recommended for closure CTS,2024-05-31,2016-04-06,2017-01-17,343/2016
31,5,2024,RRC,332,31,3,2016,8,6,2016,Closed,,,,Recommended for closure CTS,2024-05-31,2016-03-31,2016-06-08,332/2016
31,5,2024,RRC,331,14,6,2016,18,8,2016,Closed,,,,Recommended for closure CTS,2024-05-31,2016-06-14,2016-08-18,331/2016
31,5,2024,RRC,347,7,4,2016,28,3,2017,Closed,,,,Recommended for closure CTS,2024-05-31,2016-04-07,2017-03-28,347/2016
31,5,2024,RRC,308,12,5,2014,14,8,2014,Closed,,,,Recommended for closure CTS,2024-05-31,2014-05-12,2014-08-14,308/2014
31,5,2024,RRC,164,12,3,2014,26,11,2014,Closed,,,,Recommended for closure CTS,2024-05-31,2014-03-12,2014-11-26,164/2014
31,5,2024,RRC,181,14,3,2014,14,5,2014,Closed,,,,Recommended for closure CTS,2024-05-31,2014-03-14,2014-05-14,181/2014
31,5,2024,RRC,182,14,3,2014,24,6,2014,Closed,,,,Recommended for closure CTS,2024-05-31,2014-03-14,2014-06-24,182/2014
31,5,2024,RRC,183,14,3,2014,26,6,2014,Closed,,,,Recommended for closure CTS,2024-05-31,2014-03-14,2014-06-26,183/2014
31,5,2024,RRC,389,11,6,2014,17,9,2014,Closed,,,,Recommended for closure CTS,2024-05-31,2014-06-11,2014-09-17,389/2014
31,5,2024,RRC,763,11,12,2014,12,10,2015,Closed,,,,Recommended for closure CTS,2024-05-31,2014-12-11,2015-10-12,763/2014
31,5,2024,RRC,760B,16,12,2014,11,5,2016,Closed,,,,Recommended for closure CTS,2024-05-31,2014-12-16,2016-05-11,760B/2014
31,5,2024,RRC,396,13,6,2014,14,8,2014,Closed,,,,Recommended for closure CTS,2024-05-31,2014-06-13,2014-08-14,396/2014
31,5,2024,RRC,415,17,6,2014,9,9,2014,Closed,,,,Recommended for closure CTS,2024-05-31,2014-06-17,2014-09-09,415/2014
31,5,2024,RRC,477,24,7,2014,14,10,2014,Closed,,,,Recommended for closure CTS,2024-05-31,2014-07-24,2014-10-14,477/2014
31,5,2024,RRC,768,11,12,2014,17,11,2015,Closed,,,,Recommended for closure CTS,2024-05-31,2014-12-11,2015-11-17,768/2014
31,5,2024,RRC,80,11,3,2014,19,3,2014,Closed,,,,Recommended for closure CTS,2024-05-31,2014-03-11,2014-03-19,80/2014
31,5,2024,RRC,1183,12,8,2020,9,3,2020,Closed,,,,Recommended for closure CTS,2024-05-31,2020-08-12,2020-03-09,1183/2020
31,5,2024,RRC,1162,18,8,2020,8,3,2021,Closed,,,,Recommended for closure CTS,2024-05-31,2020-08-18,2021-03-08,1162/2020
31,5,2024,RRC,1709,27,11,2020,17,3,2020,Adjourned,,,,Recommended for dismissal,2024-05-31,2020-11-27,2020-03-17,1709/2020
31,5,2024,RRC,1637,12,11,2020,18,3,2021,Adjourned,,,,Recommended for dismissal,2024-05-31,2020-11-12,2021-03-18,1637/2020
31,5,2024,RRC,1336,12,11,2020,18,3,2021,Adjourned,,,,Recommended for dismissal,2024-05-31,2020-11-12,2021-03-18,1336/2020
31,5,2024,RRC,509,3,3,2020,2,4,2020,struck out,,,,Recommended for dismissal,2024-05-31,2020-03-03,2020-04-02,509/2020
31,5,2024,RRC,706,22,5,2020,3,2,2021,Adjourned,,,,Recommended for dismissal,2024-05-31,2020-05-22,2021-02-03,706/2020
31,5,2024,RRC,757,3,6,2020,7,12,2022,Dismissed,,,,Closed,2024-05-31,2020-06-03,2022-12-07,757/2020
31,5,2024,RRC,E170,30,1,2024,2,4,2024,Closed,,,,Recommended for closure CTS,2024-05-31,2024-01-30,2024-04-02,E170/2024
31,5,2024,RRC,36,18,4,2008,14,3,2019,Dismissed,,,,Recommended for dismissal,2024-05-31,2008-04-18,2019-03-14,36/2008
31,5,2024,RRC,37,18,4,2008,14,3,2019,Dismissed,,,,Recommended for dismissal,2024-05-31,2008-04-18,2019-03-14,37/2008
31,5,2024,RRC,82,16,6,2008,14,3,2019,Dismissed,,,,Recommended for dismissal,2024-05-31,2008-06-16,2019-03-14,82/2008
31,5,2024,RRC,31,10,4,2008,14,3,2019,Dismissed,,,,Recommended for dismissal,2024-05-31,2008-04-10,2019-03-14,31/2008
31,5,2024,RRC,33,14,4,2008,14,3,2019,Dismissed,,,,Recommended for dismissal,2024-05-31,2008-04-14,2019-03-14,33/2008
31,5,2024,RRC,35,18,4,2008,14,3,2019,Dismissed,,,,Recommended for dismissal,2024-05-31,2008-04-18,2019-03-14,35/2008
31,5,2024,RRC,20,3,4,2008,14,3,2019,Dismissed,,,,Recommended for dismissal,2024-05-31,2008-04-03,2019-03-14,20/2008
31,5,2024,RRC,24,26,3,2008,21,2,2019,Dismissed,,,,Recommended for dismissal,2024-05-31,2008-03-26,2019-02-21,24/2008
31,5,2024,RRC,21A,20,3,2008,21,2,2019,Dismissed,,,,Recommended for dismissal,2024-05-31,2008-03-20,2019-02-21,21A/2008
31,5,2024,RRC,21,20,3,2008,21,2,2019,Dismissed,,,,Recommended for dismissal,2024-05-31,2008-03-20,2019-02-21,21/2008
31,5,2024,RRC,448,27,6,2014,12,2,2025,Closed,,,,Closed,2024-05-31,2014-06-27,2025-02-12,448/2014
31,5,2024,RRC,1378,28,11,2016,1,8,2017,Dismissed,,,,Recommended for dismissal,2024-05-31,2016-11-28,2017-08-01,1378/2016
31,5,2024,RRC,1369,24,11,2016,23,5,2017,Closed,,,,Recommended for closure CTS,2024-05-31,2016-11-24,2017-05-23,1369/2016
31,5,2024,RRC,1368,25,11,2016,20,8,2018,Dismissed,,,,Recommended for dismissal,2024-05-31,2016-11-25,2018-08-20,1368/2016
31,5,2024,RRC,1365,24,11,2016,24,1,2017,Closed,,,,Recommended for closure CTS,2024-05-31,2016-11-24,2017-01-24,1365/2016
31,5,2024,RRC,1349,22,11,2016,29,3,2016,Closed,,,,Recommended for closure CTS,2024-05-31,2016-11-22,2016-03-29,1349/2016
31,5,2024,RRC,1347,22,11,2016,14,12,2016,Closed,,,,Recommended for closure CTS,2024-05-31,2016-11-22,2016-12-14,1347/2016
31,5,2024,RRC,1341,21,11,2016,24,1,2017,Closed,,,,Recommended for closure CTS,2024-05-31,2016-11-21,2017-01-24,1341/2016
31,5,2024,RRA,15,31,3,2016,1,11,2019,Closed,,,,Recommended for closure CTS,2024-05-31,2016-03-31,2019-11-01,15/2016
31,5,2024,RRC,36,12,1,2016,22,1,2018,Closed,,,,Recommended for closure CTS,2024-05-31,2016-01-12,2018-01-22,36/2016
31,5,2024,RRC,128,19,1,2018,26,4,2018,Withdrawn,,,,Recommended for dismissal,2024-05-31,2018-01-19,2018-04-26,128/2018
31,5,2024,RRC,136,2,1,2018,10,6,2018,Dismissed,,,,Recommended for dismissal,2024-05-31,2018-01-02,2018-06-10,136/2018
31,5,2024,RRC,139,23,1,2018,2,2,2019,Dismissed,,,,Recommended for dismissal,2024-05-31,2018-01-23,2019-02-02,139/2018
31,5,2024,RRC,144,25,1,2018,14,8,2018,Closed,,,,Recommended for closure CTS,2024-05-31,2018-01-25,2018-08-14,144/2018
31,5,2024,RRC,146,23,7,2018,23,7,2018,WIthdrawn,,,,Recommended for dismissal,2024-05-31,2018-07-23,2018-07-23,146/2018
31,5,2024,RRC,685,29,5,2018,19,7,2018,Closed,,,,Recommended for closure CTS,2024-05-31,2018-05-29,2018-07-19,685/2018
31,5,2024,RRC,698,31,5,2018,30,10,2018,Closed,,,,Recommended for closure CTS,2024-05-31,2018-05-31,2018-10-30,698/2018
31,5,2024,RRC,695,30,5,2018,31,5,2018,Closed,,,,Recommended for closure CTS,2024-05-31,2018-05-30,2018-05-31,695/2018
31,5,2024,RRC,196,6,2,2019,21,6,2019,Closed,,,,Recommended for closure CTS,2024-05-31,2019-02-06,2019-06-21,196/2019
31,5,2024,RRC,540,3,4,2019,3,4,2019,Closed,,,,Recommended for closure CTS,2024-05-31,2019-04-03,2019-04-03,540/2019
31,5,2024,RRC,543,4,4,2019,5,4,2019,Closed,,,,Recommended for closure CTS,2024-05-31,2019-04-04,2019-04-05,543/2019
31,5,2024,RRC,544,3,4,2019,3,4,2019,Closed,,,,Closed,2024-05-31,2019-04-03,2019-04-03,544/2019
31,5,2024,RRC,547,5,4,2019,5,4,2019,Closed,,,,Recommended for closure CTS,2024-05-31,2019-04-05,2019-04-05,547/2019
31,5,2024,RRC,661,26,4,2019,26,4,2019,Closed,,,,Recommended for closure CTS,2024-05-31,2019-04-26,2019-04-26,661/2019
31,5,2024,RRC,682,2,5,2019,2,5,2019,Closed,,,,Recommended for closure CTS,2024-05-31,2019-05-02,2019-05-02,682/2019
31,5,2024,RRC,1935,22,11,2019,22,11,2019,Closed,,,,Recommended for closure CTS,2024-05-31,2019-11-22,2019-11-22,1935/2019
31,5,2024,RRC,1623,30,9,2019,30,9,2019,Closed,,,,Recommended for closure CTS,2024-05-31,2019-09-30,2019-09-30,1623/2019
31,5,2024,RRC,1629,1,10,2019,1,10,2019,Closed,,,,Recommended for closure CTS,2024-05-31,2019-10-01,2019-10-01,1629/2019
31,5,2024,RRC,E1164,26,11,2020,24,3,2021,Closed,,,,Recommended for closure CTS,2024-05-31,2020-11-26,2021-03-24,E1164/2020
31,5,2024,RRC,1141,5,8,2020,28,1,2021,Dismissed,,,,Recommended for dismissal,2024-05-31,2020-08-05,2021-01-28,1141/2020
31,5,2024,RRC,1195,13,8,2020,2,11,2020,Closed,,,,Recommended for closure CTS,2024-05-31,2020-08-13,2020-11-02,1195/2020
31,5,2024,RRC,1137,5,8,2020,15,7,2021,Closed,,,,Recommended for closure CTS,2024-05-31,2020-08-05,2021-07-15,1137/2020
31,5,2024,RRC,1136,5,8,2020,15,7,2020,Closed,,,,Recommended for closure CTS,2024-05-31,2020-08-05,2020-07-15,1136/2020
31,5,2024,RRC,1135,5,8,2020,13,7,2022,Dismissed,,,,Recommended for dismissal,2024-05-31,2020-08-05,2022-07-13,1135/2020
31,5,2024,RRC,1112,30,7,2020,30,11,2020,Withdrawn,,,,Recommended for dismissal,2024-05-31,2020-07-30,2020-11-30,1112/2020
31,5,2024,RRC,1109,29,7,2020,21,6,2021,Closed,,,,Recommended for closure CTS,2024-05-31,2020-07-29,2021-06-21,1109/2020
31,5,2024,RRC,1062,22,7,2020,28,9,2020,Withdrawn,,,,Recommended for dismissal,2024-05-31,2020-07-22,2020-09-28,1062/2020
31,5,2024,RRC,1317,4,9,2020,2,2,2021,Closed,,,,Recommended for closure CTS,2024-05-31,2020-09-04,2021-02-02,1317/2020
31,5,2024,RRC,1405,23,9,2020,17,1,2020,Closed,,,,To be registred on CTS and Closed,2024-05-31,2020-09-23,2020-01-17,1405/2020
31,5,2024,RRC,613,5,5,2020,5,5,2020,No Activity,,,,Recommended for dismissal,2024-05-31,2020-05-05,2020-05-05,613/2020
31,5,2024,RRC,249,13,1,2020,13,1,2020,No Activity,,,,Recommended for dismissal,2024-05-31,2020-01-13,2020-01-13,249/2020
31,5,2024,RRC,250,14,2,2020,14,2,2020,No Activity,,,,Recommended for dismissal,2024-05-31,2020-02-14,2020-02-14,250/2020
31,5,2024,RRC,731,27,5,2020,27,5,2020,No Activity,,,,Recommended for dismissal,2024-05-31,2020-05-27,2020-05-27,731/2020
31,5,2024,RRC,395,4,3,2020,4,3,2020,No Activity,,,,Recommended for dismissal,2024-05-31,2020-03-04,2020-03-04,395/2020
31,5,2024,RRC,370,28,2,2020,3,9,2020,No Activity,,,,Recommended for dismissal,2024-05-31,2020-02-28,2020-09-03,370/2020
31,5,2024,RRC,E071,16,1,2024,20,3,2024,Dismissed,,,,Recommended for closure CTS,2024-05-31,2024-01-16,2024-03-20,E071/2024
31,5,2024,RRC,EO61,27,4,2021,28,4,2021,Ative: Interpaties hearing,,,,Recommended for dismissal,2024-05-31,2021-04-27,2021-04-28,EO61/2021
31,5,2024,RRC,E047,20,4,2021,_,_,_,_,,,,Recommended for dismissal,2024-05-31,2021-04-20,,E047/2021
31,5,2024,RRC,E103,22,6,2021,_,_,2021,_,,,,Recommended for dismissal,2024-05-31,2021-06-22,,E103/2021
31,5,2024,RRC,130,11,2,2021,6,9,2021,Closed,,,,Closed,2024-05-31,2021-02-11,2021-09-06,130/2021
31,5,2024,RRC,264,22,3,2021,22,3,2021,Not in Court,,,,Recommended for dismissal,2024-05-31,2021-03-22,2021-03-22,264/2021
31,5,2024,RRCC,E067,20,1,2022,16,2,2022,Withdrawn,,,,Recommended for dismissal,2024-05-31,2022-01-20,2022-02-16,E067/2022
31,5,2024,RRC,E944,22,6,2023,30,4,2024,Pending for less than a year,,,,Needs next date,2024-05-31,2023-06-22,2024-04-30,E944/2023
31,5,2024,RRC,E955,23,6,2023,2,10,2023,Dismissed,,,,Recommended for closure CTS,2024-05-31,2023-06-23,2023-10-02,E955/2023
31,5,2024,RRC,E1138,_,_,_,_,_,_,_,,,,Recommended for dismissal,2024-05-31,,,E1138/_
31,5,2024,RRC,E1171,7,8,2023,8,4,2024,Hearing Date,5,6,2024,Active,2024-05-31,2023-08-07,2024-04-08,E1171/2023
31,5,2024,RRC,E1249,18,8,2023,6,9,2023,Dismissed,,,,Recommended for closure CTS,2024-05-31,2023-08-18,2023-09-06,E1249/2023
31,5,2024,RRC,E1859,11,12,2023,9,5,2024,Hearing date,5,6,2024,Active,2024-05-31,2023-12-11,2024-05-09,E1859/2023
31,5,2024,RRC,648A,14,10,2014,5,5,2015,Closed,,,,To be registered in CTS,2024-05-31,2014-10-14,2015-05-05,648A/2014
31,5,2024,RRC,123,31,1,2017,28,2,2017,Closed,,,,Recommended for dismissal,2024-05-31,2017-01-31,2017-02-28,123/2017
31,5,2024,RRC,101,26,1,2017,22,2,2017,Closed,,,,Recommended for dismissal,2024-05-31,2017-01-26,2017-02-22,101/2017
31,5,2024,RRC,104,27,1,2017,20,3,2017,Closed,,,,Recommended for dismissal,2024-05-31,2017-01-27,2017-03-20,104/2017
31,5,2024,RRC,676,16,5,2017,7,3,2018,Closed,,,,Recommended for dismissal,2024-05-31,2017-05-16,2018-03-07,676/2017
